Road Code,Section Code,Road Name,Section Name,Direction,AVERAGE DAILY TRAFFIC - PCU,AVERAGE DAILY TRAFFIC - ADT,Private Vehicles,Trucks - Light,Trucks - Medium,Trucks - Heavy,Buses
B0001,010,ΛΕΥΚΩΣΙΑ - ΛΕΜΕΣΟΣ,ΣΤΡΟΒΟΛΟΣ - ΛΑΤΣΙΑ,ΔΥΟ ΚΑΤΕΥΘΥΝΣΕΙΣ,30266,20151,11426,3668,2619,2196,242
B0001,020,ΛΕΥΚΩΣΙΑ - ΛΕΜΕΣΟΣ,ΛΑΤΣΙΑ - ΒΙΟΜΗΧΑΝΙΚΗ ΔΑΛΙΟΥ,ΔΥΟ ΚΑΤΕΥΘΥΝΣΕΙΣ,15419,10265,5820,1868,1335,1119,123
B0001,030,ΛΕΥΚΩΣΙΑ - ΛΕΜΕΣΟΣ,ΒΙΟΜΗΧΑΝΙΚΗ ΔΑΛΙΟΥ - ΔΑΛΙ,ΔΥΟ ΚΑΤΕΥΘΥΝΣΕΙΣ,9791,6973,4044,1520,669,635,105
B0001,040,ΛΕΥΚΩΣΙΑ - ΛΕΜΕΣΟΣ,ΔΑΛΙ - ΜΟΣΦΙΛΩΤΗ,ΔΥΟ ΚΑΤΕΥΘΥΝΣΕΙΣ,6314,4272,2640,611,308,577,137
B0001,050,ΛΕΥΚΩΣΙΑ - ΛΕΜΕΣΟΣ,ΜΟΣΦΙΛΩΤΗ - ΣΤΑΥΡΟΒΟΥΝΙ,ΔΥΟ ΚΑΤΕΥΘΥΝΣΕΙΣ,3896,2601,1600,353,209,382,57
B0001,060,ΛΕΥΚΩΣΙΑ - ΛΕΜΕΣΟΣ,ΣΤΑΥΡΟΒΟΥΝΙ - ΚΟΦΙΝΟΥ,ΔΥΟ ΚΑΤΕΥΘΥΝΣΕΙΣ,3814,2706,1648,504,240,240,73
B0001,070,ΛΕΥΚΩΣΙΑ - ΛΕΜΕΣΟΣ,ΚΟΦΙΝΟΥ - ΖΥΓΙ,ΔΥΟ ΚΑΤΕΥΘΥΝΣΕΙΣ,1678,1190,725,221,106,106,32
B0001,080,ΛΕΥΚΩΣΙΑ - ΛΕΜΕΣΟΣ,ΖΥΓΙ - ΠΑΡΕΚΚΛΗΣΙΑ,ΔΥΟ ΚΑΤΕΥΘΥΝΣΕΙΣ,4686,3140,1457,911,299,408,66
B0001,090,ΛΕΥΚΩΣΙΑ - ΛΕΜΕΣΟΣ,ΠΑΡΕΚΚΛΗΣΙΑ - ΓΕΡΜΑΣΟΓΕΙΑ,ΔΥΟ ΚΑΤΕΥΘΥΝΣΕΙΣ,40274,34840,19684,12439,1463,522,732
B0002,010,ΝΗΣΟΥ - ΛΑΡΝΑΚΑ,ΝΗΣΟΥ - ΔΑΛΙ,ΔΥΟ ΚΑΤΕΥΘΥΝΣΕΙΣ,12174,9279,4918,2913,1169,148,130
B0002,020,ΝΗΣΟΥ - ΛΑΡΝΑΚΑ,ΔΑΛΙ - ΑΘΗΑΙΝΟΥ,ΔΥΟ ΚΑΤΕΥΘΥΝΣΕΙΣ,4537,3719,2521,789,283,71,56
B0002,030,ΝΗΣΟΥ - ΛΑΡΝΑΚΑ,ΑΘΗΑΙΝΟΥ - ΑΡΑΔΙΠΠΟΥ,ΔΥΟ ΚΑΤΕΥΘΥΝΣΕΙΣ,904,742,508,153,55,14,13
B0003,010,ΛΑΡΝΑΚΑ - ΔΕΚΕΛΕΙΑ,ΛΑΡΝΑΚΑ - ΛΕΙΒΑΔΕΙΑ,ΔΥΟ ΚΑΤΕΥΘΥΝΣΕΙΣ,48113,40747,30861,6204,1362,921,1400
B0003,020,ΛΑΡΝΑΚΑ - ΔΕΚΕΛΕΙΑ,ΛΕΙΒΑΔΕΙΑ - ΚΟΤ,ΔΥΟ ΚΑΤΕΥΘΥΝΣΕΙΣ,34162,27296,17432,6431,1290,1071,1071
B0003,030,ΛΑΡΝΑΚΑ - ΔΕΚΕΛΕΙΑ,ΚΟΤ  - ΔΕΚΕΛΕΙΑ,ΔΥΟ ΚΑΤΕΥΘΥΝΣΕΙΣ,4988,3989,2549,941,187,156,156
B0004,010,ΛΑΡΝΑΚΑ - ΚΙΤΙ,ΛΑΡΝΑΚΑ - ΑΕΡΟΔΡΟΜΙΟ,ΠΡΟΣ ΑΕΡΟΔΡΟΜΙΟ,13962,11407,8645,1484,544,361,373
B0004,010,ΛΑΡΝΑΚΑ - ΚΙΤΙ,ΛΑΡΝΑΚΑ - ΑΕΡΟΔΡΟΜΙΟ,ΠΡΟΣ ΛΑΡΝΑΚΑ,13962,11407,8645,1484,544,361,373
B0004,020,ΛΑΡΝΑΚΑ - ΚΙΤΙ,ΑΕΡΟΔΡΟΜΙΟ - ΔΡΟΜΟΛΑΞΙΑ,ΔΥΟ ΚΑΤΕΥΘΥΝΣΕΙΣ,n.a.,n.a.,n.a.,n.a.,n.a.,n.a.,n.a.
B0004,030,ΛΑΡΝΑΚΑ - ΚΙΤΙ,ΔΡΟΜΟΛΑΞΙΑ - ΚΙΤΙ,ΔΥΟ ΚΑΤΕΥΘΥΝΣΕΙΣ,18241,15034,11143,2288,864,342,398
B0006,010,ΛΕΜΕΣΟΣ - ΠΑΦΟΣ,ΒΙΟΜΗΧΑΝΙΚΗ ΛΕΜΕΣΟΥ - ΥΨΩΝΑΣ,ΔΥΟ ΚΑΤΕΥΘΥΝΣΕΙΣ,17417,13346,7366,3944,1044,488,504
B0006,020,ΛΕΜΕΣΟΣ - ΠΑΦΟΣ,ΥΨΩΝΑΣ - ΚΟΛΟΣΣΙ,ΔΥΟ ΚΑΤΕΥΘΥΝΣΕΙΣ,16398,12564,7061,3586,1258,374,285
B0006,030,ΛΕΜΕΣΟΣ - ΠΑΦΟΣ,ΚΟΛΟΣΣΙ - ΕΡΗΜΗ,ΔΥΟ ΚΑΤΕΥΘΥΝΣΕΙΣ,14456,11075,6223,3162,1110,329,251
B0006,040,ΛΕΜΕΣΟΣ - ΠΑΦΟΣ,ΕΡΗΜΗ - Μ1,ΔΥΟ ΚΑΤΕΥΘΥΝΣΕΙΣ,15184,11626,6533,3313,1163,349,268
B0006,050,ΛΕΜΕΣΟΣ - ΠΑΦΟΣ,Μ1 - ΒΑΣΗ ΕΠΙΣΚΟΠΗΣ,ΔΥΟ ΚΑΤΕΥΘΥΝΣΕΙΣ,12355,9460,5316,2697,946,284,218
B0006,060,ΛΕΜΕΣΟΣ - ΠΑΦΟΣ,ΒΑΣΗ ΕΠΙΣΚΟΠΗ - ΑΥΔΗΜΟΥ,ΔΥΟ ΚΑΤΕΥΘΥΝΣΕΙΣ,8336,6383,3587,1819,638,191,147
B0006,070,ΛΕΜΕΣΟΣ - ΠΑΦΟΣ,ΑΥΔΗΜΟΥ - ΠΙΣΣΟΥΡΙ,ΔΥΟ ΚΑΤΕΥΘΥΝΣΕΙΣ,1505,1247,815,303,42,16,71
B0006,080,ΛΕΜΕΣΟΣ - ΠΑΦΟΣ,ΠΙΣΣΟΥΡΙ - ΚΟΥΚΛΙΑ,ΔΥΟ ΚΑΤΕΥΘΥΝΣΕΙΣ,2951,2488,1646,611,85,43,103
B0006,090,ΛΕΜΕΣΟΣ - ΠΑΦΟΣ,ΚΟΥΚΛΙΑ - ΤΙΜΗ,ΔΥΟ ΚΑΤΕΥΘΥΝΣΕΙΣ,4120,3578,2412,895,125,43,103
B0006,100,ΛΕΜΕΣΟΣ - ΠΑΦΟΣ,ΤΙΜΗ - ΓΕΡΟΣΚΗΠΟΥ,ΔΥΟ ΚΑΤΕΥΘΥΝΣΕΙΣ,21203,15470,10249,2355,1242,1334,291
B0006,110,ΛΕΜΕΣΟΣ - ΠΑΦΟΣ,ΓΕΡΟΣΚΗΠΟΥ - ΠΑΦΟΣ,ΔΥΟ ΚΑΤΕΥΘΥΝΣΕΙΣ,37164,27111,17956,4128,2178,2340,508
B0007,010,ΠΑΦΟΣ - ΠΟΛΙΣ,ΠΑΦΟΣ - ΜΕΣΟΓΗ,ΔΥΟ ΚΑΤΕΥΘΥΝΣΕΙΣ,24009,17831,9194,5548,2211,378,499
B0007,020,ΠΑΦΟΣ - ΠΟΛΙΣ,ΜΕΣΟΓΗ - ΤΣΑΔΑ,ΔΥΟ ΚΑΤΕΥΘΥΝΣΕΙΣ,14926,10654,4887,3630,1342,515,279
B0007,030,ΠΑΦΟΣ - ΠΟΛΙΣ,ΤΣΑΔΑ - ΣΤΡΟΥΜΠΙ,ΔΥΟ ΚΑΤΕΥΘΥΝΣΕΙΣ,13280,9543,4541,3134,805,721,342
B0007,040,ΠΑΦΟΣ - ΠΟΛΙΣ,ΣΤΡΟΥΜΠΙ - ΛΟΥΚΡΟΥΝΟΥ,ΔΥΟ ΚΑΤΕΥΘΥΝΣΕΙΣ,9464,6801,3235,2235,572,515,244
B0007,050,ΠΑΦΟΣ - ΠΟΛΙΣ,ΛΟΥΚΡΟΥΝΟΥ - ΣΤΕΝΗ,ΔΥΟ ΚΑΤΕΥΘΥΝΣΕΙΣ,8088,5760,2724,1873,502,449,213
B0007,060,ΠΑΦΟΣ - ΠΟΛΙΣ,ΣΤΕΝΗ - ΠΟΛΙΣ,ΔΥΟ ΚΑΤΕΥΘΥΝΣΕΙΣ,7215,5138,2430,1670,447,401,190
B0008,010,ΛΕΜΕΣΟΣ - ΤΡΟΟΔΟΣ,ΛΕΜΕΣΟΣ - ΠΟΛΕΜΙΔΙΑ,ΔΥΟ ΚΑΤΕΥΘΥΝΣΕΙΣ,34076,26597,19342,3515,2213,1000,527
B0008,020,ΛΕΜΕΣΟΣ - ΤΡΟΟΔΟΣ,ΠΟΛΕΜΙΔΙΑ - ΔΡΟΜΟΣ ΛΙΜΝΑΤΗ,ΔΥΟ ΚΑΤΕΥΘΥΝΣΕΙΣ,29955,23374,16994,3089,1947,879,465
B0008,030,ΛΕΜΕΣΟΣ - ΤΡΟΟΔΟΣ,ΔΡΟΜΟΣ ΛΙΜΝΑΤΗ - ΑΛΑΣΣΑ,ΔΥΟ ΚΑΤΕΥΘΥΝΣΕΙΣ,29223,22804,16579,3015,1899,859,451
B0008,040,ΛΕΜΕΣΟΣ - ΤΡΟΟΔΟΣ,ΑΛΑΣΣΑ - ΣΑΙΤΤΑΣ,ΔΥΟ ΚΑΤΕΥΘΥΝΣΕΙΣ,22279,17387,12643,2299,1448,654,344
B0008,050,ΛΕΜΕΣΟΣ - ΤΡΟΟΔΟΣ,ΣΑΙΤΤΑΣ - ΠΛΑΤΡΕΣ,ΔΥΟ ΚΑΤΕΥΘΥΝΣΕΙΣ,5336,4208,3150,494,334,150,80
B0008,060,ΛΕΜΕΣΟΣ - ΤΡΟΟΔΟΣ,ΠΛΑΤΡΕΣ - ΤΡΟΟΔΟΣ,ΔΥΟ ΚΑΤΕΥΘΥΝΣΕΙΣ,2326,2021,1705,163,59,23,71
B0009,010,ΛΕΥΚΩΣΙΑ - ΤΡΟΟΔΟΣ,ΑΝΘΟΥΠΟΛΗ - ΑΓΙΟΙ ΤΡΙΜΙΘΙΑΣ,ΔΥΟ ΚΑΤΕΥΘΥΝΣΕΙΣ,8024,6269,4381,1010,502,238,138
B0009,020,ΛΕΥΚΩΣΙΑ - ΤΡΟΟΔΟΣ,"ΑΓΙΟΙ ΤΡΙΜΙΘΙΑΣ - 
ΚΟΚΚΙΝΟΤΡΙΜΙΘΙΑ",ΔΥΟ ΚΑΤΕΥΘΥΝΣΕΙΣ,5945,4712,3336,759,377,178,62
B0009,030,ΛΕΥΚΩΣΙΑ - ΤΡΟΟΔΟΣ,ΚΟΚΚΙΝΟΤΡΙΜΙΘΙΑ - ΑΚΑΚΙ,ΔΥΟ ΚΑΤΕΥΘΥΝΣΕΙΣ,19299,14913,10379,2341,1194,566,432
B0009,040,ΛΕΥΚΩΣΙΑ - ΤΡΟΟΔΟΣ,ΑΚΑΚΙ - ΑΣΤΡΟΜΕΡΙΤΗΣ,ΔΥΟ ΚΑΤΕΥΘΥΝΣΕΙΣ,14947,11551,8039,1813,924,439,335
B0009,050,ΛΕΥΚΩΣΙΑ - ΤΡΟΟΔΟΣ,ΑΣΤΡΟΜΕΡΙΤΗΣ - ΦΛΑΣΟΥ,ΔΥΟ ΚΑΤΕΥΘΥΝΣΕΙΣ,9257,7279,5146,1143,611,277,101
B0009,060,ΛΕΥΚΩΣΙΑ - ΤΡΟΟΔΟΣ,ΦΛΑΣΟΥ - ΚΑΚΟΠΕΤΡΙΑ,ΔΥΟ ΚΑΤΕΥΘΥΝΣΕΙΣ,8262,6414,4534,955,590,244,90
B0009,070,ΛΕΥΚΩΣΙΑ - ΤΡΟΟΔΟΣ,ΚΑΚΟΠΕΤΡΙΑ - ΚΑΡΒΟΥΝΑΣ,ΔΥΟ ΚΑΤΕΥΘΥΝΣΕΙΣ,5386,3936,2778,433,362,308,55
B0009,080,ΛΕΥΚΩΣΙΑ - ΤΡΟΟΔΟΣ,ΚΑΡΒΟΥΝΑΣ - ΤΡΟΟΔΟΣ,ΔΥΟ ΚΑΤΕΥΘΥΝΣΕΙΣ,2318,1694,1194,187,156,132,24
Β0022,010,ΝΟΤΙΟΣ ΠΑΡΑΚΑΜΠΤΗΡΙΟΣ ΛΕΥΚΩΣΙΑΣ,ΠΑΝΕΠΙΣΤΗΜΙΟ - ΝΟΣΟΚΟΜΕΙΟ,ΔΥΟ ΚΑΤΕΥΘΥΝΣΕΙΣ,14164,11066,7525,1992,221,1251,77
Β0022,020,"ΝΟΤΙΟΣ ΠΑΡΑΚΑΜΠΤΗΡΙΟΣ 
ΛΕΥΚΩΣΙΑΣ",ΝΟΣΟΚΟΜΕΙΟ - Α1,ΔΥΟ ΚΑΤΕΥΘΥΝΣΕΙΣ,35411,27665,18812,4980,553,3126,193
Β0022,030,"ΝΟΤΙΟΣ ΠΑΡΑΚΑΜΠΤΗΡΙΟΣ 
ΛΕΥΚΩΣΙΑΣ",Α1 - ΙΩΣΗΦ ΧΑΤΖΗΙΩΣΗΦ,ΔΥΟ ΚΑΤΕΥΘΥΝΣΕΙΣ,41017,32044,21790,5767,641,3621,225
Β0022,040,"ΝΟΤΙΟΣ ΠΑΡΑΚΑΜΠΤΗΡΙΟΣ 
ΛΕΥΚΩΣΙΑΣ",ΙΩΣΗΦ ΧΑΤΖΗΙΩΣΗΦ - ΤΣΕΡΙΟΥ,ΔΥΟ ΚΑΤΕΥΘΥΝΣΕΙΣ,45325,35411,24080,6374,708,4001,248
Β0022,050,"ΝΟΤΙΟΣ ΠΑΡΑΚΑΜΠΤΗΡΙΟΣ 
ΛΕΥΚΩΣΙΑΣ",ΤΣΕΡΙΟΥ - ΣΤΡΟΒΟΛΟΥ,ΔΥΟ ΚΑΤΕΥΘΥΝΣΕΙΣ,50993,39837,27089,7170,797,4502,279
Β0022,060,"ΝΟΤΙΟΣ ΠΑΡΑΚΑΜΠΤΗΡΙΟΣ 
ΛΕΥΚΩΣΙΑΣ",ΣΤΡΟΒΟΛΟΥ - Α9,ΔΥΟ ΚΑΤΕΥΘΥΝΣΕΙΣ,28329,22132,15050,3984,443,2501,155
E0101,010,ΣΤΡΟΒΟΛΟΣ - ΑΘΑΛΑΣΣΑ,ΣΤΡΟΒΟΛΟΣ - ΑΘΑΛΑΣΣΑ,ΔΥΟ ΚΑΤΕΥΘΥΝΣΕΙΣ,4762,3704,2286,889,359,156,14
E0102,010,ΝΗΣΟΥ - ΚΟΤΣΙΑΤΗΣ,ΝΗΣΟΥ - ΚΟΤΣΙΑΤΗΣ,ΔΥΟ ΚΑΤΕΥΘΥΝΣΕΙΣ,6909,4840,2918,887,515,488,32
E0103,010,ΑΓΙΑ ΒΑΡΒΑΡΑ - ΛΥΘΡΟΔΟΝΤΑΣ,ΑΓΙΑ ΒΑΡΒΑΡΑ - ΜΑΘΙΑΤΗΣ,ΔΥΟ ΚΑΤΕΥΘΥΝΣΕΙΣ,3736,2460,1318,504,504,89,46
E0103,020,ΑΓΙΑ ΒΑΡΒΑΡΑ - ΛΥΘΡΟΔΟΝΤΑΣ,ΜΑΘΙΑΤΗΣ - ΛΥΘΡΟΔΟΝΤΑΣ,ΔΥΟ ΚΑΤΕΥΘΥΝΣΕΙΣ,3509,2470,1148,802,349,132,39
E0104,010,ΜΟΣΦΙΛΩΤΗ - ΚΑΛΟ ΧΩΡΙΟ,ΜΟΣΦΙΛΩΤΗ - ΠΥΡΓΑ,ΔΥΟ ΚΑΤΕΥΘΥΝΣΕΙΣ,5189,3870,2608,602,260,307,93
E0104,020,ΜΟΣΦΙΛΩΤΗ - ΚΑΛΟ ΧΩΡΙΟ,ΠΥΡΓΑ - ΚΑΛΟ ΧΩΡΙΟ,ΔΥΟ ΚΑΤΕΥΘΥΝΣΕΙΣ,4433,3275,2240,456,228,308,43
E0105,010,ΣΚΑΡΙΝΟΥ - ΛΕΥΚΑΡΑ,ΣΚΑΡΙΝΟΥ - ΛΕΥΚΑΡΑ,ΔΥΟ ΚΑΤΕΥΘΥΝΣΕΙΣ,2573,1975,1434,243,116,34,148
E0106,010,ΖΥΓΙ - ΚΑΛΑΒΑΣΟΣ,ΖΥΓΙ - ΚΑΛΑΒΑΣΟΣ,ΔΥΟ ΚΑΤΕΥΘΥΝΣΕΙΣ,2614,1706,758,495,324,48,82
E0107,010,ΖΥΓΙ - ΒΑΣΙΛΙΚΟ,ΖΥΓΙ - ΒΑΣΙΛΙΚΟ,ΔΥΟ ΚΑΤΕΥΘΥΝΣΕΙΣ,2537,1587,912,199,73,368,34
E0108,010,ΜΟΝΗ - ΑΣΓΑΤΑ,ΜΟΝΗ - ΜΟΝΑΓΡΟΥΛΙ,ΔΥΟ ΚΑΤΕΥΘΥΝΣΕΙΣ,4062,2514,1394,346,214,528,32
E0108,020,ΜΟΝΗ - ΑΣΓΑΤΑ,ΜΟΝΑΓΡΟΥΛΙ - ΑΣΓΑΤΑ,ΔΥΟ ΚΑΤΕΥΘΥΝΣΕΙΣ,2979,1707,855,217,119,504,14
E0109,010,ΛΕΜΕΣΟΣ - ΕΦΤΑΓΩΝΙΑ,ΛΕΜΕΣΟΣ - ΠΑΡΕΚΚΛΗΣΙΑ,ΔΥΟ ΚΑΤΕΥΘΥΝΣΕΙΣ,7175,4809,1738,1887,415,698,71
E0109,020,ΛΕΜΕΣΟΣ - ΕΦΤΑΓΩΝΙΑ,ΠΑΡΕΚΚΛΗΣΙΑ - ΕΡΓΟΤΑΞΙΑ,ΔΥΟ ΚΑΤΕΥΘΥΝΣΕΙΣ,3398,2283,822,904,193,331,34
E0109,030,ΛΕΜΕΣΟΣ - ΕΦΤΑΓΩΝΙΑ,ΕΡΓΟΤΑΞΙΑ - ΚΕΛΛΑΚΙ,ΔΥΟ ΚΑΤΕΥΘΥΝΣΕΙΣ,1666,1384,1032,211,84,34,23
E0109,040,ΛΕΜΕΣΟΣ - ΕΦΤΑΓΩΝΙΑ,ΚΕΛΛΑΚΙ - ΕΦΤΑΓΩΝΙΑ,ΔΥΟ ΚΑΤΕΥΘΥΝΣΕΙΣ,1362,1111,816,170,73,34,18
E0110,010,ΛΕΜΕΣΟΣ - ΑΓΡΟΣ,ΛΕΜΕΣΟΣ - ΠΑΛΩΔΙΑ,ΔΥΟ ΚΑΤΕΥΘΥΝΣΕΙΣ,14167,11554,8757,1490,855,323,128
E0110,020,ΛΕΜΕΣΟΣ - ΑΓΡΟΣ,ΠΑΛΩΔΙΑ - ΚΑΛΟ ΧΩΡΙΟ,ΔΥΟ ΚΑΤΕΥΘΥΝΣΕΙΣ,3398,2283,822,904,193,331,34
E0110,030,ΛΕΜΕΣΟΣ - ΑΓΡΟΣ,ΚΑΛΟ ΧΩΡΙΟ - ΖΩΟΠΗΓΗ,ΔΥΟ ΚΑΤΕΥΘΥΝΣΕΙΣ,1660,1381,1032,211,82,34,23
E0110,040,ΛΕΜΕΣΟΣ - ΑΓΡΟΣ,ΖΩΟΠΗΓΗ - ΑΓΡΟΣ,ΔΥΟ ΚΑΤΕΥΘΥΝΣΕΙΣ,1355,1109,816,170,71,34,18
E0119,010,ΑΓΛΑΝΤΖΙΑ - ΓΕΡΙ,ΑΓΛΑΝΤΖΙΑ - ΑΘΑΛΑΣΣΑ,ΔΥΟ ΚΑΤΕΥΘΥΝΣΕΙΣ,13497,11605,8269,2390,773,91,82
E0119,020,ΑΓΛΑΝΤΖΙΑ - ΓΕΡΙ,ΑΘΑΛΑΣΣΑ - ΓΕΡΙ,ΔΥΟ ΚΑΤΕΥΘΥΝΣΕΙΣ,9553,7916,4380,2717,403,378,36
E0120,010,Α1 - ΤΣΕΡΙ,Α1 - ΤΣΕΡΙ,ΔΥΟ ΚΑΤΕΥΘΥΝΣΕΙΣ,8926,6254,3712,1206,709,615,11
E0127,010,ΠΟΤΑΜΟΣ ΓΕΡΜΑΣΟΓΕΙΑΣ - ΑΡΑΚΑΠΑΣ,ΠΟΤΑΜΟΣ ΓΕΡΜΑΣΟΓΕΙΑΣ- ΓΕΡΜΑΣΟΓΕΙΑ,ΔΥΟ ΚΑΤΕΥΘΥΝΣΕΙΣ,12723,10841,8172,1727,672,169,100
E0129,010,ΑΛΑΜΠΡΑ - ΛΥΜΠΙΑ,ΑΛΑΜΠΡΑ - ΛΥΜΠΙΑ,ΔΥΟ ΚΑΤΕΥΘΥΝΣΕΙΣ,n.a.,n.a.,n.a.,n.a.,n.a.,n.a.,n.a.
E0131,010,ΑΓΙΟΣ ΑΘΑΝΑΣΙΟΣ - ΜΑΘΗΚΟΛΩΝΗ,ΑΓΙΟΣ ΑΘΑΝΑΣΙΟΣ - ΜΑΘΗΚΟΛΩΝΗ,ΔΥΟ ΚΑΤΕΥΘΥΝΣΕΙΣ,n.a.,n.a.,n.a.,n.a.,n.a.,n.a.,n.a.
E0133,010,,ΣΤΑΘΜΟΣ ΧΟΙΡΟΚΟΙΤΙΑΣ - ΧΟΙΡΟΚΟΙΤΙΑ,ΔΥΟ ΚΑΤΕΥΘΥΝΣΕΙΣ,2591,1989,1444,244,116,36,148
E0133,020,ΣΤΑΘΜΟΣ ΧΟΙΡΟΚΟΙΤΙΑΣ - ΟΡΑ,ΧΟΙΡΟΚΟΙΤΙΑ - ΟΡΑ,ΔΥΟ ΚΑΤΕΥΘΥΝΣΕΙΣ,960,672,470,59,25,89,30
E0135,010,"ΒΙΟΜΗΧΑΝΙΚΗ ΔΑΛΙΟΥ - 
ΑΓΙΟΣ ΣΩΖΟΜΕΝΟΣ",ΒΙΟΜΗΧΑΝΙΚΗ ΔΑΛΙΟΥ - ΑΓΙΟΣ ΣΩΖΟΜΕΝΟΣ,ΔΥΟ ΚΑΤΕΥΘΥΝΣΕΙΣ,10241,6774,3848,1192,948,765,21
E0142,010,Β8 - ΠΟΛΕΜΙΔΙΑ,Β8 - ΠΟΛΕΜΙΔΙΑ,ΔΥΟ ΚΑΤΕΥΘΥΝΣΕΙΣ,n.a.,n.a.,n.a.,n.a.,n.a.,n.a.,n.a.
E0201,010,ΚΟΣΗ - ΑΘΗΕΝΟΥ,ΚΟΣΗ - ΑΘΗΕΝΟΥ,ΔΥΟ ΚΑΤΕΥΘΥΝΣΕΙΣ,4645,3635,1710,1420,376,85,43
E0301,010,ΛΑΡΝΑΚΑ - ΤΡΟΥΛΛΟΙ,ΛΑΡΝΑΚΑ - ΛΕΙΒΑΔΕΙΑ,ΔΥΟ ΚΑΤΕΥΘΥΝΣΕΙΣ,7294,6208,4359,1307,349,98,96
E0301,020,ΛΑΡΝΑΚΑ - ΤΡΟΥΛΛΟΙ,ΛΕΙΒΑΔΕΙΑ - ΤΡΟΥΛΛΟΙ,ΔΥΟ ΚΑΤΕΥΘΥΝΣΕΙΣ,2205,1471,739,366,269,75,23
E0303,010,ΔΕΚΕΛΕΙΑ - ΑΧΝΑ,ΔΕΚΕΛΕΙΑ - ΞΥΛΟΤΥΜΠΟΥ,ΔΥΟ ΚΑΤΕΥΘΥΝΣΕΙΣ,9628,8021,4820,2397,416,228,160
E0303,020,ΔΕΚΕΛΕΙΑ - ΑΧΝΑ,ΞΥΛΟΤΥΜΠΟΥ - ΑΧΝΑ,ΔΥΟ ΚΑΤΕΥΘΥΝΣΕΙΣ,8187,6838,4118,2045,356,187,132
E0304,010,ΑΥΓΟΡΟΥ - ΠΑΡΑΛΙΜΝΙ,ΣΩΤΗΡΑ - ΠΑΡΑΛΙΜΝΙ,ΔΥΟ ΚΑΤΕΥΘΥΝΣΕΙΣ,10273,8762,4353,3653,383,295,78
E0305,010,ΞΥΛΟΦΑΓΟΥ - ΠΑΡΑΛΙΜΝΙ,ΞΥΛΟΦΑΓΟΥ - ΛΙΟΠΕΤΡΙ,ΔΥΟ ΚΑΤΕΥΘΥΝΣΕΙΣ,8929,7466,3791,2943,465,144,123
E0305,020,ΞΥΛΟΦΑΓΟΥ - ΠΑΡΑΛΙΜΝΙ,ΛΙΟΠΕΤΡΙ - ΦΡΕΝΑΡΟΣ,ΔΥΟ ΚΑΤΕΥΘΥΝΣΕΙΣ,7195,5791,2103,2986,378,253,71
E0305,030,ΞΥΛΟΦΑΓΟΥ - ΠΑΡΑΛΙΜΝΙ,ΦΡΕΝΑΡΟΣ - ΔΕΡΥΝΕΙΑ,ΔΥΟ ΚΑΤΕΥΘΥΝΣΕΙΣ,7289,6092,2966,2528,187,286,125
E0305,040,ΞΥΛΟΦΑΓΟΥ - ΠΑΡΑΛΙΜΝΙ,ΔΕΡΥΝΕΙΑ - ΠΑΡΑΛΙΜΝΙ,ΔΥΟ ΚΑΤΕΥΘΥΝΣΕΙΣ,13615,11818,7247,3674,521,253,124
E0306,010,ΑΓΙΑ ΝΑΠΑ - ΚΑΒΟ ΓΚΡΕΚΟ - ΠΑΡΑΛΙΜΝΙ,ΑΓΙΑ ΝΑΠΑ - ΚΑΒΟ ΓΚΡΕΚΟ,ΔΥΟ ΚΑΤΕΥΘΥΝΣΕΙΣ,9002,7976,5436,2028,221,181,111
E0306,020,ΑΓΙΑ ΝΑΠΑ - ΚΑΒΟ ΓΚΡΕΚΟ - ΠΑΡΑΛΙΜΝΙ,ΚΑΒΟ ΓΚΡΕΚΟ - ΠΑΡΑΛΙΜΝΙ,ΔΥΟ ΚΑΤΕΥΘΥΝΣΕΙΣ,8517,7543,5140,1916,210,172,105
E0307,010,ΠΑΡΑΜΑΟΥΝΤ - ΚΕΡΜΙΑ,ΠΑΡΑΜΑΟΥΝΤ - ΚΕΡΜΙΑ,ΔΥΟ ΚΑΤΕΥΘΥΝΣΕΙΣ,n.a.,n.a.,n.a.,n.a.,n.a.,n.a.,n.a.
E0308,010,ΑΥΓΟΡΟΥ - ΑΓΙΟΣ ΝΙΚΟΛΑΟΣ,ΑΥΓΟΡΟΥ - ΑΓΙΟΣ ΝΙΚΟΛΑΟΣ,ΔΥΟ ΚΑΤΕΥΘΥΝΣΕΙΣ,3591,2757,1991,349,319,91,7
E0309,010,ΑΓΙΑ ΝΑΠΑ - ΛΙΟΠΕΤΡΙ,ΑΓΙΑ ΝΑΠΑ - ΠΟΤΑΜΟΣ ΛΙΟΠΕΤΡΙΟΥ,ΔΥΟ ΚΑΤΕΥΘΥΝΣΕΙΣ,14755,12671,8156,3473,258,180,604
E0309,020,ΑΓΙΑ ΝΑΠΑ - ΛΙΟΠΕΤΡΙ,ΠΟΤΑΜΟΣ ΛΙΟΠΕΤΡΙΟΥ - ΛΙΟΠΕΤΡΙ,ΔΥΟ ΚΑΤΕΥΘΥΝΣΕΙΣ,4365,3536,1827,1294,152,203,60
E0310,010,ΟΡΜΗΔΕΙΑ - ΞΥΛΟΦΑΓΟΥ,ΟΡΜΗΔΕΙΑ - ΞΥΛΟΦΑΓΟΥ,ΔΥΟ ΚΑΤΕΥΘΥΝΣΕΙΣ,2212,1841,903,752,108,52,25
E0311,010,ΑΥΓΟΡΟΥ - ΟΡΜΗΔΕΙΑ,ΑΥΓΟΡΟΥ - ΟΡΜΗΔΕΙΑ,ΔΥΟ ΚΑΤΕΥΘΥΝΣΕΙΣ,2007,1683,1117,405,82,66,14
E0312,010,ΦΡΕΝΑΡΟΣ - ΣΩΤΗΡΑ,ΦΡΕΝΑΡΟΣ - ΣΩΤΗΡΑ,ΔΥΟ ΚΑΤΕΥΘΥΝΣΕΙΣ,3888,2994,1163,1385,349,27,71
E0321,010,ΚΙΤΙ - ΖΥΓΙ,ΜΑΖΩΤΟΣ - ΖΥΓΙ,ΔΥΟ ΚΑΤΕΥΘΥΝΣΕΙΣ,3631,2920,2234,331,180,130,46
E0321,020,ΚΙΤΙ - ΖΥΓΙ,ΚΙΤΙ - ΜΑΖΩΤΟΣ,ΔΥΟ ΚΑΤΕΥΘΥΝΣΕΙΣ,1942,1386,971,137,176,27,75
E0322,010,ΑΘΗΕΝΟΥ - ΑΡΑΔΙΠΠΟΥ,ΑΘΗΕΝΟΥ - ΑΒΔΕΛΛΕΡΟ,ΔΥΟ ΚΑΤΕΥΘΥΝΣΕΙΣ,n.a.,n.a.,n.a.,n.a.,n.a.,n.a.,n.a.
E0322,020,ΑΘΗΕΝΟΥ - ΑΡΑΔΙΠΠΟΥ,ΑΒΔΕΛΛΕΡΟ - ΑΡΑΔΙΠΠΟΥ,ΔΥΟ ΚΑΤΕΥΘΥΝΣΕΙΣ,1169,748,430,107,150,49,11
E0324,010,ΠΑΡΑΛΙΜΝΙ - ΠΡΩΤΑΡΑΣ,ΠΑΡΑΛΙΜΝΙ - ΠΡΩΤΑΡΑΣ,ΔΥΟ ΚΑΤΕΥΘΥΝΣΕΙΣ,16347,13527,8770,3348,712,443,254
E0327,010,ΠΑΡΑΛΙΜΝΙ - ΑΓΙΑ ΝΑΠΑ,ΠΑΡΑΛΙΜΝΙ - ΑΓΙΑ ΝΑΠΑ,ΔΥΟ ΚΑΤΕΥΘΥΝΣΕΙΣ,17147,14170,9178,3504,758,463,268
E0329,010,ΦΡΕΝΑΡΟΣ - ΒΡΥΣΟΥΛΛΕΣ,ΦΡΕΝΑΡΟΣ - ΒΡΥΣΟΥΛΛΕΣ,ΔΥΟ ΚΑΤΕΥΘΥΝΣΕΙΣ,4088,3195,1285,1463,246,98,103
E0333,010,ΑΥΓΟΡΟΥ - ΠΑΡΑΛΙΜΝΙ,ΛΙΟΠΕΤΡΙ - ΣΩΤΗΡΑ,ΔΥΟ ΚΑΤΕΥΘΥΝΣΕΙΣ,9905,7878,2808,4057,704,275,34
E0334,010,ΑΥΓΟΡΟΥ - ΠΑΡΑΛΙΜΝΙ,ΑΥΓΟΡΟΥ - ΛΙΟΠΕΤΡΙ,ΔΥΟ ΚΑΤΕΥΘΥΝΣΕΙΣ,3939,2198,513,814,693,171,7
E0336,010,ΚΙΤΙ - ΠΕΡΒΟΛΙΑ,ΚΙΤΙ - ΠΕΡΒΟΛΙΑ,ΔΥΟ ΚΑΤΕΥΘΥΝΣΕΙΣ,6548,5196,3850,670,423,132,121
E0348,010,ΣΩΤΗΡΑ - ΑΓΙΑ ΘΕΚΛΑ,ΣΩΤΗΡΑ - Α3,ΔΥΟ ΚΑΤΕΥΘΥΝΣΕΙΣ,1767,1584,866,627,68,11,11
E0348,020,ΣΩΤΗΡΑ - ΑΓΙΑ ΘΕΚΛΑ,Α3 - ΑΓΙΑ ΘΕΚΛΑ,ΔΥΟ ΚΑΤΕΥΘΥΝΣΕΙΣ,611,561,354,181,21,2,2
E0601,010,ΕΠΙΣΚΟΠΗ - ΜΑΝΔΡΙΑ,ΕΡΗΜΗ - ΚΑΝΤΟΥ,ΔΥΟ ΚΑΤΕΥΘΥΝΣΕΙΣ,8224,6758,4996,1029,553,87,93
E0601,020,ΕΠΙΣΚΟΠΗ - ΜΑΝΔΡΙΑ,ΚΑΝΤΟΥ - ΑΓΙΟΣ ΑΜΒΡΟΣΙΟΣ,ΔΥΟ ΚΑΤΕΥΘΥΝΣΕΙΣ,7696,6333,4687,964,517,80,84
E0601,030,ΕΠΙΣΚΟΠΗ - ΜΑΝΔΡΙΑ,ΑΓΙΟΣ ΑΜΒΡΟΣΙΟΣ - ΚΙΣΣΟΥΣΑ,ΔΥΟ ΚΑΤΕΥΘΥΝΣΕΙΣ,3008,2463,1816,375,205,32,35
E0601,040,ΕΠΙΣΚΟΠΗ - ΜΑΝΔΡΙΑ,ΚΙΣΣΟΥΣΑ - ΟΜΟΔΟΣ,ΔΥΟ ΚΑΤΕΥΘΥΝΣΕΙΣ,2443,1991,1435,331,161,26,39
E0601,050,ΕΠΙΣΚΟΠΗ - ΜΑΝΔΡΙΑ,ΟΜΟΔΟΣ - ΜΑΝΔΡΙΑ,ΔΥΟ ΚΑΤΕΥΘΥΝΣΕΙΣ,940,687,496,65,62,31,34
E0602,010,ΖΑΚΑΚΙ - ΦΑΣΟΥΡΙ,ΖΑΚΑΚΙ - ΦΑΣΟΥΡΙ,ΔΥΟ ΚΑΤΕΥΘΥΝΣΕΙΣ,14248,11369,7055,2875,776,415,248
E0603,010,ΑΕΡΟΔΡΟΜΙΟ ΠΑΦΟΥ - ΤΙΜΗ,ΑΕΡΟΔΡΟΜΙΟ ΠΑΦΟΥ - ΤΙΜΗ,ΔΥΟ ΚΑΤΕΥΘΥΝΣΕΙΣ,4553,3952,2663,988,137,49,115
E0606,010,ΑΓΙΑ ΒΑΡΒΑΡΑ - ΠΑΝΑΓΙΑ,ΑΓΙΑ ΒΑΡΒΑΡΑ - ΑΞΥΛΟΥ,ΔΥΟ ΚΑΤΕΥΘΥΝΣΕΙΣ,1935,1400,577,555,139,100,28
E0606,020,ΑΓΙΑ ΒΑΡΒΑΡΑ - ΠΑΝΑΓΙΑ,ΑΞΥΛΟΥ - ΠΕΝΤΑΛΙΑ,ΔΥΟ ΚΑΤΕΥΘΥΝΣΕΙΣ,416,291,125,103,38,14,11
E0606,030,ΑΓΙΑ ΒΑΡΒΑΡΑ - ΠΑΝΑΓΙΑ,ΠΕΝΤΑΛΙΑ - ΠΑΝΑΓΙΑ,ΔΥΟ ΚΑΤΕΥΘΥΝΣΕΙΣ,552,401,129,197,39,25,11
E0607,010,ΝΑΤΑ - Ε606,ΝΑΤΑ - Ε606,ΔΥΟ ΚΑΤΕΥΘΥΝΣΕΙΣ,246,201,93,84,18,2,2
E0608,010,ΚΑΤΩ ΠΑΦΟΣ - ΚΟΝΙΑ,ΚΑΤΩ ΠΑΦΟΣ - ΚΟΝΙΑ,ΔΥΟ ΚΑΤΕΥΘΥΝΣΕΙΣ,6257,5521,3091,2062,169,120,80
E0610,010,ΖΑΚΑΚΙ - ΚΟΛΟΣΣΙ,ΖΑΚΑΚΙ - ΤΡΑΧΩΝΙ,ΔΥΟ ΚΑΤΕΥΘΥΝΣΕΙΣ,14112,11260,6987,2847,769,410,246
E0610,020,ΖΑΚΑΚΙ - ΚΟΛΟΣΣΙ,ΤΡΑΧΩΝΙ - ΚΟΛΟΣΣΙ,ΔΥΟ ΚΑΤΕΥΘΥΝΣΕΙΣ,7625,5998,3529,1655,366,323,125
E0612,010,ΚΙΣΣΟΥΣΑ - ΑΓΙΟΣ ΝΙΚΟΛΑΟΣ,ΚΙΣΣΟΥΣΑ - ΜΑΛΛΙΑ,ΔΥΟ ΚΑΤΕΥΘΥΝΣΕΙΣ,973,723,337,260,62,27,36
E0612,020,ΚΙΣΣΟΥΣΑ - ΑΓΙΟΣ ΝΙΚΟΛΑΟΣ,ΜΑΛΛΙΑ - ΑΓΙΟΣ ΝΙΚΟΛΑΟΣ,ΔΥΟ ΚΑΤΕΥΘΥΝΣΕΙΣ,561,388,114,187,41,18,27
E0613,010,ΥΨΩΝΑΣ - ΦΡΑΓΜΑ ΚΟΥΡΡΗ,ΥΨΩΝΑΣ - ΦΡΑΓΜΑ ΚΟΥΡΡΗ,ΔΥΟ ΚΑΤΕΥΘΥΝΣΕΙΣ,941,622,308,155,100,55,5
E0701,010,ΠΑΦΟΣ - ΑΓΙΟΣ ΓΕΩΡΓΙΟΣ ΠΕΓΕΙΑΣ,ΠΑΦΟΣ - ΚΙΣΣΟΝΕΡΓΑ,ΔΥΟ ΚΑΤΕΥΘΥΝΣΕΙΣ,21769,20059,16549,2656,270,120,465
E0701,020,ΠΑΦΟΣ - ΑΓΙΟΣ ΓΕΩΡΓΙΟΣ ΠΕΓΕΙΑΣ,ΚΙΣΣΟΝΕΡΓΑ - ΚΟΛΠΟΣ ΚΟΡΑΛΛΙΩΝ,ΔΥΟ ΚΑΤΕΥΘΥΝΣΕΙΣ,16617,15245,12547,2012,214,91,381
E0701,030,ΠΑΦΟΣ - ΑΓΙΟΣ ΓΕΩΡΓΙΟΣ ΠΕΓΕΙΑΣ,ΚΟΛΠΟΣ ΚΟΡΑΛΛΙΩΝ - ΑΓΙΟΣ ΓΕΩΡΓΙΟΣ,ΔΥΟ ΚΑΤΕΥΘΥΝΣΕΙΣ,2737,2094,1174,598,133,71,117
E0702,010,ΤΣΑΔΑ - ΧΟΥΛΟΥ,ΤΣΑΔΑ - ΛΕΤΥΜΠΟΥ,ΔΥΟ ΚΑΤΕΥΘΥΝΣΕΙΣ,2082,1499,589,618,205,62,25
E0702,020,ΤΣΑΔΑ - ΧΟΥΛΟΥ,ΛΕΤΥΜΠΟΥ - ΧΟΥΛΟΥ,ΔΥΟ ΚΑΤΕΥΘΥΝΣΕΙΣ,847,646,465,81,82,14,5
E0703,010,ΣΤΡΟΥΜΠΙ - ΠΑΝΑΓΙΑ,ΣΤΡΟΥΜΠΙ - ΠΟΛΕΜΙ,ΔΥΟ ΚΑΤΕΥΘΥΝΣΕΙΣ,3134,2081,747,808,376,114,36
E0703,020,ΣΤΡΟΥΜΠΙ - ΠΑΝΑΓΙΑ,ΠΟΛΕΜΙ - ΑΓΙΟΣ ΔΗΜΗΤΡΙΑΝΟΣ,ΔΥΟ ΚΑΤΕΥΘΥΝΣΕΙΣ,1535,1102,522,364,153,39,25
E0703,030,ΣΤΡΟΥΜΠΙ - ΠΑΝΑΓΙΑ,ΑΓΙΟΣ ΔΗΜΗΤΡΙΑΝΟΣ - ΠΑΝΑΓΙΑ,ΔΥΟ ΚΑΤΕΥΘΥΝΣΕΙΣ,1367,979,417,368,144,36,14
E0704,010,ΠΟΛΙΣ - ΠΩΜΟΣ,ΠΟΛΙΣ - ΑΡΓΑΚΑ,ΔΥΟ ΚΑΤΕΥΘΥΝΣΕΙΣ,3823,3096,1436,1296,153,82,129
E0704,020,ΠΟΛΙΣ - ΠΩΜΟΣ,ΑΡΓΑΚΑ - ΠΩΜΟΣ,ΔΥΟ ΚΑΤΕΥΘΥΝΣΕΙΣ,2431,1950,883,826,106,57,78
E0706,010,ΠΑΦΟΣ - ΚΙΣΣΟΝΕΡΓΑ,ΠΑΦΟΣ - ΚΙΣΣΟΝΕΡΓΑ,ΔΥΟ ΚΑΤΕΥΘΥΝΣΕΙΣ,9546,8543,6754,1287,357,108,36
E0707,010,ΕΜΠΑ - ΑΓΙΟΣ ΝΕΟΦΥΤΟΣ,ΕΜΠΑ - ΤΑΛΑ,ΔΥΟ ΚΑΤΕΥΘΥΝΣΕΙΣ,7904,6974,3978,2531,261,131,73
E0707,020,ΕΜΠΑ - ΑΓΙΟΣ ΝΕΟΦΥΤΟΣ,ΤΑΛΑ - ΑΓΙΟΣ ΝΕΟΦΥΤΟΣ,ΔΥΟ ΚΑΤΕΥΘΥΝΣΕΙΣ,2412,2063,1067,822,52,76,46
E0708,010,ΠΕΓΕΙΑ - ΚΟΛΠΟΣ ΚΟΡΑΛΛΙΩΝ,ΠΕΓΕΙΑ - ΚΟΛΠΟΣ ΚΟΡΑΛΛΙΩΝ,ΔΥΟ ΚΑΤΕΥΘΥΝΣΕΙΣ,n.a.,n.a.,n.a.,n.a.,n.a.,n.a.,n.a.
E0709,010,ΚΟΛΠΟΣ ΚΟΡΑΛΛΙΩΝ - ΠΡΟΔΡΟΜΙ,ΚΟΛΠΟΣ ΚΟΡΑΛΛΙΩΝ - ΠΕΓΕΙΑ,ΔΥΟ ΚΑΤΕΥΘΥΝΣΕΙΣ,4915,4286,3586,385,173,106,35
E0709,020,ΚΟΛΠΟΣ ΚΟΡΑΛΛΙΩΝ - ΠΡΟΔΡΟΜΙ,ΠΕΓΕΙΑ - ΠΡΟΔΡΟΜΙ,ΔΥΟ ΚΑΤΕΥΘΥΝΣΕΙΣ,2699,2307,2003,108,38,141,17
E0710,010,ΠΑΦΟΣ - ΕΠΙΣΚΟΠΗ,ΠΑΦΟΣ - ΚΟΝΙΑ,ΔΥΟ ΚΑΤΕΥΘΥΝΣΕΙΣ,6256,5520,3091,2061,169,120,80
E0710,020,ΠΑΦΟΣ - ΕΠΙΣΚΟΠΗ,ΚΟΝΙΑ - ΕΠΙΣΚΟΠΗ,ΔΥΟ ΚΑΤΕΥΘΥΝΣΕΙΣ,988,815,367,361,46,30,11
E0711,010,ΣΤΡΟΥΜΠΙ - ΚΑΘΗΚΑΣ,ΣΤΡΟΥΜΠΙ - ΚΑΘΗΚΑΣ,ΔΥΟ ΚΑΤΕΥΘΥΝΣΕΙΣ,1045,767,360,268,82,48,9
E0712,010,ΛΟΥΚΡΟΥΝΟΥ - ΛΑΣΑ,ΛΟΥΚΡΟΥΝΟΥ - ΣΙΜΟΥ,ΔΥΟ ΚΑΤΕΥΘΥΝΣΕΙΣ,417,290,191,34,36,14,14
E0712,020,ΛΟΥΚΡΟΥΝΟΥ - ΛΑΣΑ,ΣΙΜΟΥ - ΛΑΣΑ,ΔΥΟ ΚΑΤΕΥΘΥΝΣΕΙΣ,360,237,164,11,30,14,18
E0713,010,ΠΟΛΙΣ - ΛΟΥΤΡΑ ΑΦΡΟΔΙΤΗΣ,ΠΟΛΙΣ - ΠΡΟΔΡΟΜΙ,ΔΥΟ ΚΑΤΕΥΘΥΝΣΕΙΣ,5503,4878,4043,523,137,134,41
E0713,020,ΠΟΛΙΣ - ΛΟΥΤΡΑ ΑΦΡΟΔΙΤΗΣ,ΠΡΟΔΡΟΜΙ - ΛΟΥΤΡΑ ΑΦΡΟΔΙΤΗΣ,ΔΥΟ ΚΑΤΕΥΘΥΝΣΕΙΣ,5493,4950,4153,525,137,96,39
E0715,010,ΚΑΘΗΚΑΣ - Ε709,ΚΑΘΗΚΑΣ - Ε710,ΔΥΟ ΚΑΤΕΥΘΥΝΣΕΙΣ,n.a.,n.a.,n.a.,n.a.,n.a.,n.a.,n.a.
E0718,010,Β6 - Α6 (ΑΓΙΑ ΜΑΡΙΝΟΥΔΑ),Β6 - Α6 (ΑΓΙΑ ΜΑΡΙΝΟΥΔΑ),ΔΥΟ ΚΑΤΕΥΘΥΝΣΕΙΣ,n.a.,n.a.,n.a.,n.a.,n.a.,n.a.,n.a.
E0719,010,ΚΑΤΩ ΠΑΦΟΣ - ΚΟΤ,ΚΑΤΩ ΠΑΦΟΣ - ΚΟΤ,ΔΥΟ ΚΑΤΕΥΘΥΝΣΕΙΣ,n.a.,n.a.,n.a.,n.a.,n.a.,n.a.,n.a.
E0720,010,ΠΕΓΕΙΑ - ΑΓΙΟΣ ΓΕΩΡΓΙΟΣ,ΠΕΓΕΙΑ - ΑΓΙΟΣ ΓΕΩΡΓΙΟΣ,ΔΥΟ ΚΑΤΕΥΘΥΝΣΕΙΣ,n.a.,n.a.,n.a.,n.a.,n.a.,n.a.,n.a.
E0721,010,ΚΟΝΙΑ - ΕΠΙΣΚΟΠΗ,ΚΟΝΙΑ - ΜΑΡΑΘΟΥΝΤΑ,ΔΥΟ ΚΑΤΕΥΘΥΝΣΕΙΣ,n.a.,n.a.,n.a.,n.a.,n.a.,n.a.,n.a.
E0721,020,ΚΟΝΙΑ - ΕΠΙΣΚΟΠΗ,ΜΑΡΑΘΟΥΝΤΑ - ΕΠΙΣΚΟΠΗ,ΔΥΟ ΚΑΤΕΥΘΥΝΣΕΙΣ,n.a.,n.a.,n.a.,n.a.,n.a.,n.a.,n.a.
E0722,010,ΜΗΛΙΟΥ - ΑΓΙΟΙ ΑΝΑΡΓΥΡΟΙ,ΜΗΛΙΟΥ - ΑΓΙΟΙ ΑΝΑΡΓΥΡΟΙ,ΔΥΟ ΚΑΤΕΥΘΥΝΣΕΙΣ,n.a.,n.a.,n.a.,n.a.,n.a.,n.a.,n.a.
E0723,010,ΠΟΛΙΣ - ΛΥΣΟΣ,ΠΟΛΙΣ - ΣΤΕΝΗ,ΔΥΟ ΚΑΤΕΥΘΥΝΣΕΙΣ,898,684,326,251,73,11,23
E0723,020,ΠΟΛΙΣ - ΛΥΣΟΣ,ΣΤΕΝΗ - ΛΥΣΟΣ,ΔΥΟ ΚΑΤΕΥΘΥΝΣΕΙΣ,278,191,91,57,14,9,21
E0801,010,ΣΑΙΤΤΑΣ - ΚΑΡΒΟΥΝΑΣ,ΣΑΙΤΤΑΣ - ΚΑΡΒΟΥΝΑΣ,ΔΥΟ ΚΑΤΕΥΘΥΝΣΕΙΣ,2815,2325,1721,359,177,36,32
E0802,010,ΣΑΙΤΤΑΣ - ΠΛΑΤΡΕΣ,ΣΑΙΤΤΑΣ - ΠΕΡΑ ΠΕΔΙ,ΔΥΟ ΚΑΤΕΥΘΥΝΣΕΙΣ,2432,1774,1216,228,164,104,62
E0802,020,ΣΑΙΤΤΑΣ - ΠΛΑΤΡΕΣ,ΠΕΡΑ ΠΕΔΙ - ΜΑΝΔΡΙΑ,ΔΥΟ ΚΑΤΕΥΘΥΝΣΕΙΣ,2073,1506,1036,186,137,88,59
E0802,030,ΣΑΙΤΤΑΣ - ΠΛΑΤΡΕΣ,ΜΑΝΔΡΙΑ - ΚΑΤΩ ΠΛΑΤΡΕΣ,ΔΥΟ ΚΑΤΕΥΘΥΝΣΕΙΣ,1414,1093,822,111,82,22,57
E0802,040,ΣΑΙΤΤΑΣ - ΠΛΑΤΡΕΣ,ΚΑΤΩ ΠΛΑΤΡΕΣ - ΠΛΑΤΡΕΣ,ΔΥΟ ΚΑΤΕΥΘΥΝΣΕΙΣ,1285,990,731,113,73,22,52
E0803,010,ΑΓΙΟΣ ΑΜΒΡΟΣΙΟΣ - ΠΕΡΑ ΠΕΔΙ,ΑΓΙΟΣ ΑΜΒΡΟΣΙΟΣ - ΒΟΥΝΙ,ΔΥΟ ΚΑΤΕΥΘΥΝΣΕΙΣ,499,374,158,153,38,11,14
E0803,020,ΑΓΙΟΣ ΑΜΒΡΟΣΙΟΣ - ΠΕΡΑ ΠΕΔΙ,ΒΟΥΝΙ - ΠΕΡΑ ΠΕΔΙ,ΔΥΟ ΚΑΤΕΥΘΥΝΣΕΙΣ,824,658,287,287,54,16,14
E0804,010,ΠΛΑΤΡΕΣ - ΛΕΜΥΘΟΥ,ΠΛΑΤΡΕΣ - ΠΡΟΔΡΟΜΟΣ,ΔΥΟ ΚΑΤΕΥΘΥΝΣΕΙΣ,1013,715,410,155,43,26,80
E0804,020,ΠΛΑΤΡΕΣ - ΛΕΜΥΘΟΥ,ΠΡΟΔΡΟΜΟΣ - ΛΕΜΥΘΟΥ,ΔΥΟ ΚΑΤΕΥΘΥΝΣΕΙΣ,533,406,196,146,43,11,9
E0806,010,ΤΡΙΜΙΚΛΙΝΗ - ΠΟΤΑΜΙΤΙΣΣΑ,ΤΡΙΜΙΚΛΙΝΗ - ΠΕΛΕΝΔΡΙ,ΔΥΟ ΚΑΤΕΥΘΥΝΣΕΙΣ,1543,1274,401,739,78,36,21
E0806,020,ΤΡΙΜΙΚΛΙΝΗ - ΠΟΤΑΜΙΤΙΣΣΑ,ΠΕΛΕΝΔΡΙ - ΠΟΤΑΜΙΤΙΣΣΑ,ΔΥΟ ΚΑΤΕΥΘΥΝΣΕΙΣ,386,316,99,181,26,5,5
E0901,010,ΣΤΡΟΒΟΛΟΣ - ΤΣΕΡΙ,ΣΤΡΟΒΟΛΟΣ - ΤΣΕΡΙ,ΔΥΟ ΚΑΤΕΥΘΥΝΣΕΙΣ,26457,21663,16659,2607,1498,760,139
E0902,010,ΣΤΡΟΒΟΛΟΣ - ΜΑΧΑΙΡΑΣ,ΣΤΡΟΒΟΛΟΣ - ΔΕΥΤΕΡΑ,ΔΥΟ ΚΑΤΕΥΘΥΝΣΕΙΣ,21248,13491,7286,2326,2254,849,776
E0902,020,ΣΤΡΟΒΟΛΟΣ - ΜΑΧΑΙΡΑΣ,ΔΕΥΤΕΡΑ - ΨΗΜΟΛΟΦΟΥ,ΔΥΟ ΚΑΤΕΥΘΥΝΣΕΙΣ,6292,4767,3546,458,442,168,153
E0902,030,ΣΤΡΟΒΟΛΟΣ - ΜΑΧΑΙΡΑΣ,ΨΗΜΟΛΟΦΟΥ - ΚΑΜΠΙΑ,ΔΥΟ ΚΑΤΕΥΘΥΝΣΕΙΣ,2554,1925,1427,184,180,68,66
E0902,040,ΣΤΡΟΒΟΛΟΣ - ΜΑΧΑΙΡΑΣ,ΚΑΜΠΙΑ - ΚΑΠΕΔΕΣ,ΔΥΟ ΚΑΤΕΥΘΥΝΣΕΙΣ,1996,1508,1120,144,141,54,49
E0903,010,ΑΝΘΟΥΠΟΛΗ - ΑΓΡΟΣ,ΑΝΘΟΥΠΟΛΗ - ΔΕΥΤΕΡΑ,ΔΥΟ ΚΑΤΕΥΘΥΝΣΕΙΣ,20961,16721,12073,2528,846,1061,213
E0903,020,ΑΝΘΟΥΠΟΛΗ - ΑΓΡΟΣ,ΔΕΥΤΕΡΑ - ΜΑΛΟΥΝΤΑ,ΔΥΟ ΚΑΤΕΥΘΥΝΣΕΙΣ,19254,15532,11301,2370,695,883,283
E0903,030,ΑΝΘΟΥΠΟΛΗ - ΑΓΡΟΣ,ΜΑΛΟΥΝΤΑ - ΜΙΤΣΕΡΟ,ΔΥΟ ΚΑΤΕΥΘΥΝΣΕΙΣ,8730,7047,5130,1076,315,397,130
E0903,040,ΑΝΘΟΥΠΟΛΗ - ΑΓΡΟΣ,ΜΙΤΣΕΡΟ - ΠΑΛΑΙΧΩΡΙ,ΔΥΟ ΚΑΤΕΥΘΥΝΣΕΙΣ,5897,4687,3073,1009,177,331,98
E0903,050,ΑΝΘΟΥΠΟΛΗ - ΑΓΡΟΣ,ΠΑΛΑΙΧΩΡΙ - ΑΓΡΟΣ,ΔΥΟ ΚΑΤΕΥΘΥΝΣΕΙΣ,1329,1046,680,225,43,75,23
E0904,010,ΑΡΕΔΙΟΥ - ΦΑΡΜΑΚΑΣ,ΑΡΕΔΙΟΥ - ΚΛΗΡΟΥ,ΔΥΟ ΚΑΤΕΥΘΥΝΣΕΙΣ,9759,7609,5562,972,592,369,114
E0904,020,ΑΡΕΔΙΟΥ - ΦΑΡΜΑΚΑΣ,ΚΛΗΡΟΥ - ΚΑΛΟ ΧΩΡΙΟ,ΔΥΟ ΚΑΤΕΥΘΥΝΣΕΙΣ,4360,3402,2492,432,263,164,51
E0904,030,ΑΡΕΔΙΟΥ - ΦΑΡΜΑΚΑΣ,ΚΑΛΟ ΧΩΡΙΟ - ΦΑΡΜΑΚΑΣ,ΔΥΟ ΚΑΤΕΥΘΥΝΣΕΙΣ,3973,1744,361,268,451,647,16
E0905,010,ΜΑΛΟΥΝΤΑ - ΣΥΦΙΛΟΣ,ΜΑΛΟΥΝΤΑ - ΜΙΤΣΕΡΟ,ΔΥΟ ΚΑΤΕΥΘΥΝΣΕΙΣ,5009,2723,1265,315,345,753,44
E0905,020,ΜΑΛΟΥΝΤΑ - ΣΥΦΙΛΟΣ,ΜΙΤΣΕΡΟ - ΣΥΦΙΛΟΣ,ΔΥΟ ΚΑΤΕΥΘΥΝΣΕΙΣ,1649,1389,980,279,59,64,7
E0906,010,ΠΕΡΙΣΤΕΡΩΝΑ - ΑΛΩΝΑ,ΠΕΡΙΣΤΕΡΩΝΑ - ΟΡΟΥΝΤΑ,ΔΥΟ ΚΑΤΕΥΘΥΝΣΕΙΣ,3131,2274,737,1108,160,222,47
E0906,020,ΠΕΡΙΣΤΕΡΩΝΑ - ΑΛΩΝΑ,ΟΡΟΥΝΤΑ- ΞΥΛΙΑΤΟΣ,ΔΥΟ ΚΑΤΕΥΘΥΝΣΕΙΣ,2683,1543,325,649,131,392,47
E0906,030,ΠΕΡΙΣΤΕΡΩΝΑ - ΑΛΩΝΑ,ΞΥΛΙΑΤΟΣ - ΑΛΗΘΙΝΟΥ,ΔΥΟ ΚΑΤΕΥΘΥΝΣΕΙΣ,1411,1037,261,589,144,30,14
E0906,040,ΠΕΡΙΣΤΕΡΩΝΑ - ΑΛΩΝΑ,ΑΛΗΘΙΝΟΥ - ΠΛΑΤΑΝΙΣΤΑΣΑ,ΔΥΟ ΚΑΤΕΥΘΥΝΣΕΙΣ,1073,788,199,446,106,25,11
E0906,050,ΠΕΡΙΣΤΕΡΩΝΑ - ΑΛΩΝΑ,ΠΛΑΤΑΝΙΣΤΑΣΑ - ΑΛΩΝΑ,ΔΥΟ ΚΑΤΕΥΘΥΝΣΕΙΣ,287,191,91,52,39,5,5
E0907,010,ΚΑΤΩ ΜΟΝΗ - ΛΑΓΟΥΔΕΡΑ,ΚΑΤΩ ΜΟΝΗ - ΑΓΙΑ ΜΑΡΙΝΑ,ΔΥΟ ΚΑΤΕΥΘΥΝΣΕΙΣ,2005,1449,297,873,150,97,31
E0907,020,ΚΑΤΩ ΜΟΝΗ - ΛΑΓΟΥΔΕΡΑ,ΑΓΙΑ ΜΑΡΙΝΑ - ΛΑΓΟΥΔΕΡΑ,ΔΥΟ ΚΑΤΕΥΘΥΝΣΕΙΣ,442,346,256,42,25,11,11
E0908,010,Β9 - ΠΡΟΔΡΟΜΟΣ,Β9 - ΣΚΟΥΡΙΩΤΙΣΣΑ,ΔΥΟ ΚΑΤΕΥΘΥΝΣΕΙΣ,4533,3505,2523,467,328,88,98
E0908,020,Β9 - ΠΡΟΔΡΟΜΟΣ,ΣΚΟΥΡΙΩΤΙΣΣΑ - ΚΑΛΟΠΑΝΑΓΙΩΤΗΣ,ΔΥΟ ΚΑΤΕΥΘΥΝΣΕΙΣ,3203,2569,1933,319,162,78,78
E0908,030,Β9 - ΠΡΟΔΡΟΜΟΣ,ΚΑΛΟΠΑΝΑΓΙΩΤΗΣ - ΠΡΟΔΡΟΜΟΣ,ΔΥΟ ΚΑΤΕΥΘΥΝΣΕΙΣ,2164,1535,1030,190,164,71,80
E0909,010,ΚΑΡΒΟΥΝΑΣ - ΑΓΡΟΣ,ΚΑΡΒΟΥΝΑΣ - ΚΥΠΕΡΟΥΝΤΑ,ΔΥΟ ΚΑΤΕΥΘΥΝΣΕΙΣ,2023,1709,826,725,59,36,62
E0909,020,ΚΑΡΒΟΥΝΑΣ - ΑΓΡΟΣ,ΚΥΠΕΡΟΥΝΤΑ - ΧΑΝΔΡΙΑ,ΔΥΟ ΚΑΤΕΥΘΥΝΣΕΙΣ,1109,924,462,370,51,16,25
E0909,030,ΚΑΡΒΟΥΝΑΣ - ΑΓΡΟΣ,ΧΑΝΔΡΙΑ - ΑΓΡΟΣ,ΔΥΟ ΚΑΤΕΥΘΥΝΣΕΙΣ,839,663,431,145,49,14,25
E0910,010,ΤΡΟΟΔΟΣ - ΠΡΟΔΡΟΜΟΣ,ΤΡΟΟΔΟΣ - ΠΡΟΔΡΟΜΟΣ,ΔΥΟ ΚΑΤΕΥΘΥΝΣΕΙΣ,2031,1721,1258,308,64,18,73
E0911,010,ΚΑΛΟΠΑΝΑΓΙΩΤΗΣ - ΓΕΡΑΚΙΕΣ,ΚΑΛΟΠΑΝΑΓΙΩΤΗΣ - ΓΕΡΑΚΙΕΣ,ΔΥΟ ΚΑΤΕΥΘΥΝΣΕΙΣ,562,366,87,181,68,16,14
E0912,010,ΠΕΔΟΥΛΑΣ - ΚΑΜΠΟΣ,ΠΕΔΟΥΛΑΣ - ΚΥΚΚΟΣ,ΔΥΟ ΚΑΤΕΥΘΥΝΣΕΙΣ,1047,788,587,71,34,41,55
E0912,020,ΠΕΔΟΥΛΑΣ - ΚΑΜΠΟΣ,ΚΥΚΚΟΣ - ΚΑΜΠΟΣ,ΔΥΟ ΚΑΤΕΥΘΥΝΣΕΙΣ,861,564,272,144,98,5,46
E0920,010,ΦΑΡΜΑΚΑΣ - ΟΔΟΥ,ΦΑΡΜΑΚΑΣ - ΟΔΟΥ,ΔΥΟ ΚΑΤΕΥΘΥΝΣΕΙΣ,158,127,104,7,7,5,5
E0922,010,ΠΟΤΑΜΙΤΙΣΣΑ - ΑΓΡΙΔΙΑ,ΠΟΤΑΜΙΤΙΣΣΑ - ΑΓΡΙΔΙΑ,ΔΥΟ ΚΑΤΕΥΘΥΝΣΕΙΣ,87,73,48,18,2,2,2
E0923,010,ΠΟΤΑΜΙΤΙΣΣΑ - ΑΓΡΟΣ,ΠΟΤΑΜΙΤΙΣΣΑ - ΑΓΡΟΣ,ΔΥΟ ΚΑΤΕΥΘΥΝΣΕΙΣ,301,233,146,52,25,5,5
E0925,010,A9 - ΠΑΛΙΟΜΕΤΟΧΟ,A9 - ΠΑΛΙΟΜΕΤΟΧΟ,ΔΥΟ ΚΑΤΕΥΘΥΝΣΕΙΣ,4661,3701,2416,805,348,98,34
E0929,010,E903 - ΚΑΤΩ ΜΟΝΗ,E903 - ΚΑΤΩ ΜΟΝΗ,ΔΥΟ ΚΑΤΕΥΘΥΝΣΕΙΣ,408,335,251,48,18,14,5
E0930,010,ΑΛΗΘΙΝΟΥ - ΠΟΛΥΣΤΥΠΟΣ,ΑΛΗΘΙΝΟΥ - ΠΟΛΥΣΤΥΠΟΣ,ΔΥΟ ΚΑΤΕΥΘΥΝΣΕΙΣ,785,596,108,393,67,21,7
E0931,010,ΠΑΛΑΙΧΩΡΙ - ΧΑΝΔΡΙΑ,ΠΑΛΑΙΧΩΡΙ - ΑΣΚΑΣ,ΔΥΟ ΚΑΤΕΥΘΥΝΣΕΙΣ,649,484,261,141,71,7,5
E0931,020,ΠΑΛΑΙΧΩΡΙ - ΧΑΝΔΡΙΑ,ΑΣΚΑΣ - ΦΤΕΡΙΚΟΥΔΙ,ΔΥΟ ΚΑΤΕΥΘΥΝΣΕΙΣ,488,333,166,89,66,7,5
E0931,030,ΠΑΛΑΙΧΩΡΙ - ΧΑΝΔΡΙΑ,ΦΤΕΡΙΚΟΥΔΙ - ΠΟΛΥΣΤΥΠΟΣ,ΔΥΟ ΚΑΤΕΥΘΥΝΣΕΙΣ,340,233,115,64,42,5,7
E0931,040,ΠΑΛΑΙΧΩΡΙ - ΧΑΝΔΡΙΑ,ΠΟΛΥΣΤΥΠΟΣ - ΧΑΝΔΡΙΑ,ΔΥΟ ΚΑΤΕΥΘΥΝΣΕΙΣ,714,470,226,122,71,5,47
E0932,010,ΑΣΤΡΟΜΕΡΙΤΗΣ - ΖΩΔΙΑ,ΑΣΤΡΟΜΕΡΙΤΗΣ - ΖΩΔΙΑ,ΔΥΟ ΚΑΤΕΥΘΥΝΣΕΙΣ,4269,3956,2399,1401,111,23,23
E0933,010,Β9 - ΚΑΝΝΑΒΙΑ,Β9 - ΒΥΖΑΚΙΑ,ΔΥΟ ΚΑΤΕΥΘΥΝΣΕΙΣ,2262,1629,1165,147,227,26,64
E0933,020,Β9 - ΚΑΝΝΑΒΙΑ,ΒΥΖΑΚΙΑ - ΚΑΝΝΑΒΙΑ,ΔΥΟ ΚΑΤΕΥΘΥΝΣΕΙΣ,494,320,150,83,59,21,7
E0933,030,Β9 - ΚΑΝΝΑΒΙΑ,ΚΑΝΝΑΒΙΑ - Β9,ΔΥΟ ΚΑΤΕΥΘΥΝΣΕΙΣ,401,258,120,66,48,17,7
E0934,010,ΒΥΖΑΚΙΑ - ΑΣΙΝΟΥ,ΒΥΖΑΚΙΑ - ΝΙΚΗΤΑΡΙ,ΔΥΟ ΚΑΤΕΥΘΥΝΣΕΙΣ,1393,998,712,89,139,17,41
E0934,020,ΒΥΖΑΚΙΑ - ΑΣΙΝΟΥ,ΝΙΚΗΤΑΡΙ - ΑΣΙΝΟΥ,ΔΥΟ ΚΑΤΕΥΘΥΝΣΕΙΣ,1274,891,646,54,147,8,36
E0935,010,ΛΙΝΟΥ - ΚΑΚΟΠΕΤΡΙΑ,ΛΙΝΟΥ - ΚΑΚΟΠΕΤΡΙΑ,ΔΥΟ ΚΑΤΕΥΘΥΝΣΕΙΣ,1077,908,644,180,62,18,5
E0938,010,ΚΑΚΟΠΕΤΡΙΑ - PINEWOOD,ΚΑΚΟΠΕΤΡΙΑ - PINEWOOD,ΔΥΟ ΚΑΤΕΥΘΥΝΣΕΙΣ,309,231,120,73,32,2,5
F0101,010,ΒΙΟΜΗΧΑΝΙΚΗ ΛΑΤΣΙΩΝ - ΛΑΤΣΙΑ,ΒΙΟΜΗΧΑΝΙΚΗ ΛΑΤΣΙΩΝ - ΛΑΤΣΙΑ,ΔΥΟ ΚΑΤΕΥΘΥΝΣΕΙΣ,0,0,0,0,0,0,0
F0102,010,ΛΑΤΣΙΑ - ΓΕΡΙ,ΛΑΤΣΙΑ - ΣΥΝΟΙΚΙΣΜΟΣ,ΔΥΟ ΚΑΤΕΥΘΥΝΣΕΙΣ,13643,11915,9530,1522,592,144,129
F0102,020,ΛΑΤΣΙΑ - ΓΕΡΙ,ΣΥΝΟΙΚΙΣΜΟΣ - ΓΕΡΙ,ΔΥΟ ΚΑΤΕΥΘΥΝΣΕΙΣ,9668,8526,6637,1318,465,47,59
F0103,010,ΚΟΤΣΙΑΤΗΣ - ΤΣΕΡΙ,ΚΟΤΣΙΑΤΗΣ - ΔΡΟΜΟΣ ΑΝΑΛΥΩΝΤΑ,ΔΥΟ ΚΑΤΕΥΘΥΝΣΕΙΣ,6143,4190,2599,614,504,439,34
F0103,020,ΚΟΤΣΙΑΤΗΣ - ΤΣΕΡΙ,ΔΡΟΜΟΣ ΑΝΑΛΥΩΝΤΑ - ΤΣΕΡΙ,ΔΥΟ ΚΑΤΕΥΘΥΝΣΕΙΣ,8071,5860,3660,1094,544,514,48
F0104,010,ΜΟΣΦΙΛΩΤΗ - ΜΑΘΙΑΤΗΣ,ΜΟΣΦΙΛΩΤΗ - ΣΙΑ,ΔΥΟ ΚΑΤΕΥΘΥΝΣΕΙΣ,3088,2308,1577,341,177,166,47
F0104,020,ΜΟΣΦΙΛΩΤΗ - ΜΑΘΙΑΤΗΣ,ΣΙΑ - ΜΑΘΙΑΤΗΣ,ΔΥΟ ΚΑΤΕΥΘΥΝΣΕΙΣ,1239,915,620,133,71,68,23
F0105,010,ΚΟΡΝΟΣ - ΨΕΥΔΑΣ,ΚΟΡΝΟΣ - ΠΥΡΓΑ,ΔΥΟ ΚΑΤΕΥΘΥΝΣΕΙΣ,2370,1850,1381,209,100,141,18
F0105,020,ΚΟΡΝΟΣ - ΨΕΥΔΑΣ,ΠΥΡΓΑ - ΨΕΥΔΑΣ,ΔΥΟ ΚΑΤΕΥΘΥΝΣΕΙΣ,1636,1269,941,144,72,98,14
F0106,010,ΚΑΚΟΡΑΤΖΙΑ - ΣΤΑΥΡΟΒΟΥΝΙ,ΚΑΚΟΡΑΤΖΙΑ - ΣΤΑΥΡΟΒΟΥΝΙ,ΔΥΟ ΚΑΤΕΥΘΥΝΣΕΙΣ,2234,1192,547,124,64,441,16
F0107,010,ΚΟΦΙΝΟΥ - ΑΛΑΜΙΝΟΣ,ΚΟΦΙΝΟΥ - ΑΛΑΜΙΝΟΣ,ΔΥΟ ΚΑΤΕΥΘΥΝΣΕΙΣ,1342,1025,693,173,93,18,47
F0108,010,ΣΚΑΡΙΝΟΥ - ΖΥΓΙ,ΣΚΑΡΙΝΟΥ - ΑΓΙΟΣ ΘΕΟΔΩΡΟΣ,ΔΥΟ ΚΑΤΕΥΘΥΝΣΕΙΣ,1357,1038,476,402,89,52,18
F0108,020,ΣΚΑΡΙΝΟΥ - ΖΥΓΙ,ΑΓΙΟΣ ΘΕΟΔΩΡΟΣ - ΖΥΓΙ,ΔΥΟ ΚΑΤΕΥΘΥΝΣΕΙΣ,843,645,497,49,52,35,11
F0110,010,ΚΑΤΩ ΔΡΥΣ - ΒΑΒΛΑ,ΚΑΤΩ ΔΡΥΣ - ΒΑΒΛΑ,ΔΥΟ ΚΑΤΕΥΘΥΝΣΕΙΣ,812,641,506,49,36,26,23
F0111,010,ΛΕΥΚΑΡΑ - ΛΥΘΡΟΔΟΝΤΑΣ,ΛΕΥΚΑΡΑ - ΒΑΒΑΤΣΙΝΙΑ ,ΔΥΟ ΚΑΤΕΥΘΥΝΣΕΙΣ,604,524,431,54,26,7,7
F0111,020,ΛΕΥΚΑΡΑ - ΛΥΘΡΟΔΟΝΤΑΣ,ΒΑΒΑΤΣΙΝΙΑ - ΛΥΘΡΟΔΟΝΤΑΣ,ΔΥΟ ΚΑΤΕΥΘΥΝΣΕΙΣ,59,41,16,16,7,2,0
F0112,010,ΟΡΑ - ΟΔΟΥ,ΟΡΑ - ΟΔΟΥ,ΔΥΟ ΚΑΤΕΥΘΥΝΣΕΙΣ,150,123,104,6,6,3,5
F0113,010,ΒΑΒΑΤΣΙΝΙΑ - ΑΓΙΟΙ ΒΑΒΑΤΣΙΝΙΑΣ,ΒΑΒΑΤΣΙΝΙΑ - ΑΓΙΟΙ ΒΑΒΑΤΣΙΝΙΑΣ,ΔΥΟ ΚΑΤΕΥΘΥΝΣΕΙΣ,309,250,188,32,16,5,9
F0114,010,ΟΡΑ - ΑΚΑΠΝΟΥ,ΟΡΑ - ΑΚΑΠΝΟΥ,ΔΥΟ ΚΑΤΕΥΘΥΝΣΕΙΣ,205,178,78,87,6,6,2
F0115,010,Β1 - ΨΕΜΑΤΙΣΜΕΝΟΣ,Β1 - ΨΕΜΑΤΙΣΜΕΝΟΣ,ΔΥΟ ΚΑΤΕΥΘΥΝΣΕΙΣ,1359,976,315,470,123,57,11
F0116,010,Β1 - ΤΟΧΝΗ,Β1 - ΤΟΧΝΗ,ΔΥΟ ΚΑΤΕΥΘΥΝΣΕΙΣ,0,0,0,0,0,0,0
F0117,010,ΑΣΓΑΤΑ - ΣΑΝΙΔΑ,ΑΣΓΑΤΑ - ΒΑΣΑ,ΔΥΟ ΚΑΤΕΥΘΥΝΣΕΙΣ,941,766,549,129,48,22,18
F0117,020,ΑΣΓΑΤΑ - ΣΑΝΙΔΑ,ΒΑΣΑ - ΣΑΝΙΔΑ,ΔΥΟ ΚΑΤΕΥΘΥΝΣΕΙΣ,238,197,141,35,11,5,5
F0122,010,ΠΑΡΕΚΚΛΗΣΙΑ - ΠΥΡΓΟΣ,ΠΑΡΕΚΚΛΗΣΙΑ - ΠΥΡΓΟΣ,ΔΥΟ ΚΑΤΕΥΘΥΝΣΕΙΣ,1359,1158,615,442,51,35,14
F0124,010,ΕΦΤΑΓΩΝΙΑ - ΑΚΑΠΝΟΥ,ΕΦΤΑΓΩΝΙΑ - ΑΚΑΠΝΟΥ,ΔΥΟ ΚΑΤΕΥΘΥΝΣΕΙΣ,n.a.,n.a.,n.a.,n.a.,n.a.,n.a.,n.a.
F0125,010,ΑΜΑΘΟΥΝΤΑ - ΑΓΙΟΣ ΤΥΧΩΝΑΣ,ΑΜΑΘΟΥΝΤΑ - ΑΓΙΟΣ ΤΥΧΩΝΑΣ,ΔΥΟ ΚΑΤΕΥΘΥΝΣΕΙΣ,n.a.,n.a.,n.a.,n.a.,n.a.,n.a.,n.a.
F0126,010,ΑΜΑΘΟΥΝΤΑ - ΑΡΜΕΝΟΧΩΡΙ,ΑΜΑΘΟΥΝΤΑ - ΑΡΜΕΝΟΧΩΡΙ,ΔΥΟ ΚΑΤΕΥΘΥΝΣΕΙΣ,456,319,157,93,50,14,5
F0127,010,Α1 - ΜΟΥΤΑΓΙΑΚΑ,Α1 - ΜΟΥΤΑΓΙΑΚΑ,ΔΥΟ ΚΑΤΕΥΘΥΝΣΕΙΣ,n.a.,n.a.,n.a.,n.a.,n.a.,n.a.,n.a.
F0128,010,ΓΕΡΜΑΣΟΓΕΙΑ- ΑΡΑΚΑΠΑΣ,ΓΕΡΜΑΣΟΓΕΙΑ- ΦΟΙΝΙΚΑΡΙΑ,ΔΥΟ ΚΑΤΕΥΘΥΝΣΕΙΣ,1507,1379,1172,144,30,11,23
F0128,020,ΓΕΡΜΑΣΟΓΕΙΑ- ΑΡΑΚΑΠΑΣ,ΦΟΙΝΙΚΑΡΙΑ - ΑΚΡΟΥΝΤΑ,ΔΥΟ ΚΑΤΕΥΘΥΝΣΕΙΣ,1070,970,826,93,30,9,11
F0128,030,ΓΕΡΜΑΣΟΓΕΙΑ- ΑΡΑΚΑΠΑΣ,ΑΚΡΟΥΝΤΑ - ΑΡΑΚΑΠΑΣ,ΔΥΟ ΚΑΤΕΥΘΥΝΣΕΙΣ,658,562,439,75,30,7,11
F0129,010,ΕΠΤΑΓΩΝΙΑ - ΚΑΛΟ ΧΩΡΙΟ,ΕΠΤΑΓΩΝΙΑ - ΑΡΑΚΑΠΑΣ,ΔΥΟ ΚΑΤΕΥΘΥΝΣΕΙΣ,1125,897,635,148,78,21,16
F0129,020,ΕΠΤΑΓΩΝΙΑ - ΚΑΛΟ ΧΩΡΙΟ,ΑΡΑΚΑΠΑΣ - ΚΑΛΟ ΧΩΡΙΟ,ΔΥΟ ΚΑΤΕΥΘΥΝΣΕΙΣ,302,256,108,125,11,9,2
F0131,010,ΑΓΙΟΣ ΑΘΑΝΑΣΙΟΣ - ΦΑΣΟΥΛΑ,ΑΓΙΟΣ ΑΘΑΝΑΣΙΟΣ - ΦΑΣΟΥΛΑ,ΔΥΟ ΚΑΤΕΥΘΥΝΣΕΙΣ,1116,924,443,385,78,10,8
F0132,010,ΠΑΡΑΜΥΘΑ - ΣΠΙΤΑΛΙ,ΠΑΡΑΜΥΘΑ - ΣΠΙΤΑΛΙ,ΔΥΟ ΚΑΤΕΥΘΥΝΣΕΙΣ,n.a.,n.a.,n.a.,n.a.,n.a.,n.a.,n.a.
F0133,010,ΠΑΛΩΔΙΑ - ΣΠΙΤΑΛΙ,ΠΑΛΩΔΙΑ - ΣΠΙΤΑΛΙ,ΔΥΟ ΚΑΤΕΥΘΥΝΣΕΙΣ,n.a.,n.a.,n.a.,n.a.,n.a.,n.a.,n.a.
F0134,010,ΓΕΡΑΣΑ - ΜΑΘΙΚΟΛΟΝΗ,ΓΕΡΑΣΑ - ΑΨΙΟΥ,ΔΥΟ ΚΑΤΕΥΘΥΝΣΕΙΣ,1165,1074,859,169,36,5,5
F0134,020,ΓΕΡΑΣΑ - ΜΑΘΙΚΟΛΟΝΗ,ΑΨΙΟΥ - ΜΑΘΙΚΟΛΟΝΗ,ΔΥΟ ΚΑΤΕΥΘΥΝΣΕΙΣ,0,0,0,0,0,0,0
F0135,010,ΚΑΛΟ ΧΩΡΙΟ - ΛΟΥΒΑΡΑΣ,ΚΑΛΟ ΧΩΡΙΟ - ΛΟΥΒΑΡΑΣ,ΔΥΟ ΚΑΤΕΥΘΥΝΣΕΙΣ,1096,887,594,188,62,11,32
F0136,010,Ε110 - ΑΓΙΟΣ ΠΑΥΛΟΣ,Ε110 - ΚΑΛΟ ΧΩΡΙΟ,ΔΥΟ ΚΑΤΕΥΘΥΝΣΕΙΣ,1353,1136,859,169,63,25,21
F0136,020,Ε110 - ΑΓΙΟΣ ΠΑΥΛΟΣ,ΚΑΛΟ ΧΩΡΙΟ - ΑΓΙΟΣ ΠΑΥΛΟΣ,ΔΥΟ ΚΑΤΕΥΘΥΝΣΕΙΣ,354,302,125,150,17,7,2
F0137,010,ΑΣΓΑΤΑ - ΚΑΛΑΒΑΣΟΣ,ΑΣΓΑΤΑ - ΚΑΛΑΒΑΣΟΣ,ΔΥΟ ΚΑΤΕΥΘΥΝΣΕΙΣ,264,223,93,109,16,2,2
F0138,010,ΚΑΛΟ ΧΩΡΙΟ - ΑΓΙΟΣ ΚΩΝΣΤΑΝΤΙΝΟΣ,ΚΑΛΟ ΧΩΡΙΟ - ΑΓΙΟΣ ΚΩΝΣΤΑΝΤΙΝΟΣ,ΔΥΟ ΚΑΤΕΥΘΥΝΣΕΙΣ,262,221,93,107,16,2,2
F0139,010,ΖΩΟΠΗΓΗ - ΑΓΙΟΣ ΘΕΟΔΩΡΟΣ,ΖΩΟΠΗΓΗ - ΑΓΙΟΣ ΘΕΟΔΩΡΟΣ,ΔΥΟ ΚΑΤΕΥΘΥΝΣΕΙΣ,429,305,114,130,39,11,11
F0140,010,ΠΑΡΑΚΑΜΠΤΗΡΙΟΣ ΖΩΟΠΗΓΗΣ,ΠΑΡΑΚΑΜΠΤΗΡΙΟΣ ΖΩΟΠΗΓΗΣ,ΔΥΟ ΚΑΤΕΥΘΥΝΣΕΙΣ,269,182,66,73,36,5,2
F0141,010,ΑΓΙΟΣ ΘΕΟΔΩΡΟΣ - ΑΓΙΟΣ ΙΩΑΝΝΗΣ,ΑΓΙΟΣ ΘΕΟΔΩΡΟΣ - ΑΓΙΟΣ ΙΩΑΝΝΗΣ,ΔΥΟ ΚΑΤΕΥΘΥΝΣΕΙΣ,230,176,73,75,21,5,2
F0144,010,ΚΕΛΛΑΚΙ - ΠΡΑΣΤΕΙΟ,ΚΕΛΛΑΚΙ - ΠΡΑΣΤΕΙΟ,ΔΥΟ ΚΑΤΕΥΘΥΝΣΕΙΣ,403,335,239,62,25,5,5
F0145,010,ΒΙΚΛΑ - ΚΕΛΛΑΚΙ,ΒΙΚΛΑ - ΚΕΛΛΑΚΙ,ΔΥΟ ΚΑΤΕΥΘΥΝΣΕΙΣ,260,196,34,130,30,2,n.a.
F0146,010,ΑΓΙΑ ΑΝΝΑ - ΨΕΥΔΑΣ,ΑΓΙΑ ΑΝΝΑ - ΨΕΥΔΑΣ,ΔΥΟ ΚΑΤΕΥΘΥΝΣΕΙΣ,n.a.,n.a.,n.a.,n.a.,n.a.,n.a.,n.a.
F0147,010,Β1 - ΣΚΑΡΙΝΟΥ,Β1 - ΣΚΑΡΙΝΟΥ,ΔΥΟ ΚΑΤΕΥΘΥΝΣΕΙΣ,n.a.,n.a.,n.a.,n.a.,n.a.,n.a.,n.a.
F0149,010,Α1 - Β1 (ΝΗΣΟΥ),Α1 - Β1 (ΝΗΣΟΥ),ΔΥΟ ΚΑΤΕΥΘΥΝΣΕΙΣ,3570,2906,1930,645,190,112,30
F0151,010,Ε108 - ΜΟΝΑΓΡΟΥΛΛΙ,Ε108 - ΜΟΝΑΓΡΟΥΛΛΙ,ΔΥΟ ΚΑΤΕΥΘΥΝΣΕΙΣ,1181,875,581,141,112,30,11
F0201,010,ΔΑΛΙ - ΠΟΤΑΜΙΑ,ΔΑΛΙ - ΠΟΤΑΜΙΑ,ΔΥΟ ΚΑΤΕΥΘΥΝΣΕΙΣ,1085,736,287,275,120,30,25
F0209,010,ΑΡΑΔΙΠΠΟΥ - ΡΙΖΟΕΛΙΑ,ΑΡΑΔΙΠΠΟΥ - ΡΙΖΟΕΛΙΑ,ΔΥΟ ΚΑΤΕΥΘΥΝΣΕΙΣ,2039,1686,833,676,95,71,11
F0210,010,ΒΙΟΜΗΧΑΝΙΚΗ ΑΡΑΔΙΠΠΟΥ - ΑΡΑΔΙΠΠΟΥ,ΒΙΟΜΗΧΑΝΙΚΗ ΑΡΑΔΙΠΠΟΥ - ΑΡΑΔΙΠΠΟΥ,ΔΥΟ ΚΑΤΕΥΘΥΝΣΕΙΣ,14475,12079,8456,2425,783,324,91
F0211,010,ΑΡΑΔΙΠΠΟΥ - ΑΒΔΕΛΛΕΡΟ,ΑΡΑΔΙΠΠΟΥ - ΑΒΔΕΛΛΕΡΟ,ΔΥΟ ΚΑΤΕΥΘΥΝΣΕΙΣ,1180,751,430,107,153,50,11
F0305,010,ΑΥΓΟΡΟΥ - ΞΥΛΟΦΑΓΟΥ,ΑΥΓΟΡΟΥ - ΞΥΛΟΦΑΓΟΥ,ΔΥΟ ΚΑΤΕΥΘΥΝΣΕΙΣ,2419,2040,1384,467,155,18,16
F0306,010,ΑΥΓΟΡΟΥ - ΦΡΕΝΑΡΟΣ,ΑΥΓΟΡΟΥ - ΦΡΕΝΑΡΟΣ,ΔΥΟ ΚΑΤΕΥΘΥΝΣΕΙΣ,1548,1204,302,729,120,48,5
F0307,010,Α309 - ΠΟΤΑΜΟΣ ΛΙΟΠΕΤΡΙΟΥ,Α309 - ΠΟΤΑΜΟΣ ΛΙΟΠΕΤΡΙΟΥ,ΔΥΟ ΚΑΤΕΥΘΥΝΣΕΙΣ,1147,919,472,333,43,55,16
F0309,010,ΦΡΕΝΑΡΟΣ - ΑΓΙΟΣ ΝΙΚΟΛΑΟΣ,ΦΡΕΝΑΡΟΣ - ΑΓΙΟΣ ΝΙΚΟΛΑΟΣ,ΔΥΟ ΚΑΤΕΥΘΥΝΣΕΙΣ,4102,3199,1285,1463,251,98,103
F0314,010,Ε307 - ΚΑΒΟ ΓΚΡΕΚΟ,Ε307 - ΚΑΒΟ ΓΚΡΕΚΟ,ΔΥΟ ΚΑΤΕΥΘΥΝΣΕΙΣ,646,610,503,89,14,2,2
F0315,010,Α3 - ΑΓΙΑ ΝΑΠΑ,Α3 - ΑΓΙΑ ΝΑΠΑ,ΔΥΟ ΚΑΤΕΥΘΥΝΣΕΙΣ,8128,7184,5050,1662,296,27,148
F0323,010,ΑΓΙΑ ΝΑΠΑ - ΜΑΚΡΟΝΗΣΟΣ,ΑΓΙΑ ΝΑΠΑ - ΜΑΚΡΟΝΗΣΟΣ,ΔΥΟ ΚΑΤΕΥΘΥΝΣΕΙΣ,3521,2869,1680,863,84,36,205
F0401,010,ΜΕΝΕΟΥ - ΔΡΟΜΟΛΑΞΙΑ,ΜΕΝΕΟΥ - ΔΡΟΜΟΛΑΞΙΑ,ΔΥΟ ΚΑΤΕΥΘΥΝΣΕΙΣ,7013,5773,3938,1215,324,166,130
F0402,010,ΚΙΤΙ - ΤΕΡΣΕΦΑΝΟΥ,ΚΙΤΙ - ΤΕΡΣΕΦΑΝΟΥ,ΔΥΟ ΚΑΤΕΥΘΥΝΣΕΙΣ,4936,3974,2973,521,182,196,103
F0405,010,ΑΛΑΜΙΝΟΣ - ΜΑΖΩΤΟΣ,ΑΛΑΜΙΝΟΣ - ΜΑΖΩΤΟΣ,ΔΥΟ ΚΑΤΕΥΘΥΝΣΕΙΣ,1967,1393,971,134,178,34,75
F0502,010,ΚΛΑΥΔΙΑ - ΤΕΡΣΕΦΑΝΟΥ,ΚΛΑΥΔΙΑ - ΤΕΡΣΕΦΑΝΟΥ,ΔΥΟ ΚΑΤΕΥΘΥΝΣΕΙΣ,1995,1265,709,191,173,182,9
F0503,010,ΑΝΑΦΩΤΙΑ - ΜΑΖΩΤΟΣ,ΑΝΑΦΩΤΙΑ - ΜΑΖΩΤΟΣ,ΔΥΟ ΚΑΤΕΥΘΥΝΣΕΙΣ,1960,1391,971,134,182,34,68
F0504,010,ΑΛΕΘΡΙΚΟ - Ε321,ΑΛΕΘΡΙΚΟ - Ε321,ΔΥΟ ΚΑΤΕΥΘΥΝΣΕΙΣ,2035,1715,1347,209,91,25,43
F0505,010,ΑΓΓΛΙΣΙΔΕΣ - ΑΝΑΦΩΤΙΑ,ΑΓΓΛΙΣΙΔΕΣ - ΑΝΑΦΩΤΙΑ,ΔΥΟ ΚΑΤΕΥΘΥΝΣΕΙΣ,985,693,272,275,114,25,7
F0506,010,ΜΕΝΟΓΙΑ - ΑΛΑΜΙΝΟΣ,ΜΕΝΟΓΙΑ - ΑΛΑΜΙΝΟΣ,ΔΥΟ ΚΑΤΕΥΘΥΝΣΕΙΣ,n.a.,n.a.,n.a.,n.a.,n.a.,n.a.,n.a.
F0602,010,ΚΑΝΤΟΥ - ΣΩΤΗΡΑ,ΚΑΝΤΟΥ - ΣΩΤΗΡΑ,ΔΥΟ ΚΑΤΕΥΘΥΝΣΕΙΣ,376,326,246,55,16,5,5
F0603,010,ΑΓΙΟΣ ΑΜΒΡΟΣΙΟΣ - ΑΓΙΟΣ ΘΕΡΑΠΩΝ,ΑΓΙΟΣ ΑΜΒΡΟΣΙΟΣ - ΑΓΙΟΣ ΘΕΡΑΠΩΝ,ΔΥΟ ΚΑΤΕΥΘΥΝΣΕΙΣ,516,411,155,204,30,11,11
F0604,010,ΚΙΣΣΟΥΣΑ - ΜΑΝΔΡΙΑ,ΚΙΣΣΟΥΣΑ - ΜΑΝΔΡΙΑ,ΔΥΟ ΚΑΤΕΥΘΥΝΣΕΙΣ,945,690,496,66,62,32,34
F0605,010,Ε601 - ΠΟΤΑΜΙΟΥ,Ε601 - ΠΟΤΑΜΙΟΥ,ΔΥΟ ΚΑΤΕΥΘΥΝΣΕΙΣ,178,141,46,78,14,2,2
F0606,010,ΑΥΔΗΜΟΥ - ΠΑΧΝΑ,Β6 ΑΥΔΗΜΟΥ,ΔΥΟ ΚΑΤΕΥΘΥΝΣΕΙΣ,2697,2138,1584,275,177,93,9
F0606,020,ΑΥΔΗΜΟΥ - ΠΑΧΝΑ,ΑΥΔΗΜΟΥ - ΠΡΑΣΤΕΙΟ,ΔΥΟ ΚΑΤΕΥΘΥΝΣΕΙΣ,635,466,320,62,55,25,5
F0606,030,ΑΥΔΗΜΟΥ - ΠΑΧΝΑ,ΠΡΑΣΤΕΙΟ - ΠΑΧΝΑ,ΔΥΟ ΚΑΤΕΥΘΥΝΣΕΙΣ,486,403,312,50,21,14,7
F0606,040,ΑΥΔΗΜΟΥ - ΠΑΧΝΑ,ΠΑΧΝΑ - Ε601,ΔΥΟ ΚΑΤΕΥΘΥΝΣΕΙΣ,n.a.,n.a.,n.a.,n.a.,n.a.,n.a.,n.a.
F0607,010,ΑΥΔΗΜΟΥ - ΠΛΑΤΑΝΙΣΤΕΙΑ,ΑΥΔΗΜΟΥ - ΠΛΑΤΑΝΙΣΤΕΙΑ,ΔΥΟ ΚΑΤΕΥΘΥΝΣΕΙΣ,n.a.,n.a.,n.a.,n.a.,n.a.,n.a.,n.a.
F0608,010,ΑΥΔΗΜΟΥ - ΑΝΩΓΥΡΑ,ΑΥΔΗΜΟΥ - ΑΝΩΓΥΡΑ,ΔΥΟ ΚΑΤΕΥΘΥΝΣΕΙΣ,n.a.,n.a.,n.a.,n.a.,n.a.,n.a.,n.a.
F0609,010,Β6 - ΚΟΛΠΟΣ ΠΙΣΣΟΥΡΙΟΥ,Β6 - ΚΟΛΠΟΣ ΠΙΣΣΟΥΡΙΟΥ,ΔΥΟ ΚΑΤΕΥΘΥΝΣΕΙΣ,2803,2219,929,998,180,71,41
F0610,010,Β6 - ΠΙΣΣΟΥΡΙ,Β6 - ΠΙΣΣΟΥΡΙ,ΔΥΟ ΚΑΤΕΥΘΥΝΣΕΙΣ,2818,2229,932,1003,148,108,38
F0611,010,ΠΙΣΣΟΥΡΙ - ΑΛΕΚΤΩΡΑ,ΠΙΣΣΟΥΡΙ - ΑΛΕΚΤΩΡΑ,ΔΥΟ ΚΑΤΕΥΘΥΝΣΕΙΣ,1262,858,345,311,168,30,5
F0612,010,ΚΟΥΚΛΙΑ - ΔΩΡΑ,ΚΟΥΚΛΙΑ - ΔΩΡΑ,ΔΥΟ ΚΑΤΕΥΘΥΝΣΕΙΣ,2218,1901,930,813,99,36,23
F0614,010,ΜΑΛΛΙΑ - ΔΩΡΑ,ΜΑΛΛΙΑ - ΔΩΡΑ,ΔΥΟ ΚΑΤΕΥΘΥΝΣΕΙΣ,1017,725,463,116,78,52,16
F0616,010,Β6 - ΑΓΙΟΣ ΝΙΚΟΛΑΟΣ,Β6 - ΝΙΚΟΚΛΕΙΑ,ΔΥΟ ΚΑΤΕΥΘΥΝΣΕΙΣ,1199,996,547,348,30,50,22
F0616,020,Β6 - ΑΓΙΟΣ ΝΙΚΟΛΑΟΣ,ΝΙΚΟΚΛΕΙΑ - ΤΡΑΧΥΠΕΔΟΥΛΑ,ΔΥΟ ΚΑΤΕΥΘΥΝΣΕΙΣ,972,758,398,253,41,48,18
F0616,030,Β6 - ΑΓΙΟΣ ΝΙΚΟΛΑΟΣ,ΤΡΑΧΥΠΕΔΟΥΛΑ - ΠΡΑΙΤΩΡΙ,ΔΥΟ ΚΑΤΕΥΘΥΝΣΕΙΣ,653,503,326,101,25,32,18
F0616,040,Β6 - ΑΓΙΟΣ ΝΙΚΟΛΑΟΣ,ΠΡΑΙΤΩΡΙ - ΑΓΙΟΣ ΝΙΚΟΛΑΟΣ,ΔΥΟ ΚΑΤΕΥΘΥΝΣΕΙΣ,613,495,336,99,27,18,14
F0617,010,ΝΙΚΟΚΛΕΙΑ - ΦΙΛΟΥΣΑ,ΝΙΚΟΚΛΕΙΑ - ΧΟΛΕΤΡΙΑ,ΔΥΟ ΚΑΤΕΥΘΥΝΣΕΙΣ,2467,1691,1013,291,177,147,64
F0617,020,ΝΙΚΟΚΛΕΙΑ - ΦΙΛΟΥΣΑ,ΧΟΛΕΤΡΙΑ - ΚΕΛΟΚΕΔΑΡΑ,ΔΥΟ ΚΑΤΕΥΘΥΝΣΕΙΣ,1515,1041,625,179,106,90,41
F0617,030,ΝΙΚΟΚΛΕΙΑ - ΦΙΛΟΥΣΑ,ΚΕΛΟΚΕΔΑΡΑ - ΣΑΛΑΜΙΟΥ,ΔΥΟ ΚΑΤΕΥΘΥΝΣΕΙΣ,804,546,323,95,57,49,23
F0617,040,ΝΙΚΟΚΛΕΙΑ - ΦΙΛΟΥΣΑ,ΣΑΛΑΜΙΟΥ - ΜΕΣΑΝΑ,ΔΥΟ ΚΑΤΕΥΘΥΝΣΕΙΣ,267,178,101,32,21,17,7
F0617,050,ΝΙΚΟΚΛΕΙΑ - ΦΙΛΟΥΣΑ,ΜΕΣΑΝΑ - ΦΙΛΟΥΣΑ,ΔΥΟ ΚΑΤΕΥΘΥΝΣΕΙΣ,125,84,46,18,11,7,2
F0618,010,ΣΑΛΑΜΙΟΥ - ΑΡΜΙΝΟΥ,ΣΑΛΑΜΙΟΥ - ΑΡΜΙΝΟΥ,ΔΥΟ ΚΑΤΕΥΘΥΝΣΕΙΣ,n.a.,n.a.,n.a.,n.a.,n.a.,n.a.,n.a.
F0619,010,ΣΑΛΑΜΙΟΥ - ΑΓΙΟΣ - ΙΩΑΝΝΗΣ,ΣΑΛΑΜΙΟΥ - ΑΓΙΟΣ - ΙΩΑΝΝΗΣ,ΔΥΟ ΚΑΤΕΥΘΥΝΣΕΙΣ,n.a.,n.a.,n.a.,n.a.,n.a.,n.a.,n.a.
F0622,010,Β6 - ΑΞΥΛΟΥ,Β6 - ΤΙΜΗ,ΔΥΟ ΚΑΤΕΥΘΥΝΣΕΙΣ,1682,1573,769,749,25,18,11
F0622,020,Β6 - ΑΞΥΛΟΥ,ΤΙΜΗ - ΑΝΑΡΙΤΑ,ΔΥΟ ΚΑΤΕΥΘΥΝΣΕΙΣ,454,358,156,154,25,16,7
F0622,030,Β6 - ΑΞΥΛΟΥ,ΑΝΑΡΙΤΑ - ΑΞΥΛΟΥ,ΔΥΟ ΚΑΤΕΥΘΥΝΣΕΙΣ,303,226,95,92,25,7,7
F0623,010,ΠΕΝΤΑΛΙΑ - ΑΓΙΑ ΜΑΡΙΝΑ,ΠΕΝΤΑΛΙΑ - ΑΓΙΑ ΜΑΡΙΝΑ,ΔΥΟ ΚΑΤΕΥΘΥΝΣΕΙΣ,528,393,129,197,40,23,5
F0624,010,ΠΕΝΤΑΛΙΑ - ΚΟΙΛΙΝΙΑ,ΠΕΝΤΑΛΙΑ - ΚΟΙΛΙΝΙΑ,ΔΥΟ ΚΑΤΕΥΘΥΝΣΕΙΣ,n.a.,n.a.,n.a.,n.a.,n.a.,n.a.,n.a.
F0625,010,ΣΤΑΤΟΣ - ΑΓΙΟΣ ΦΩΤΙΟΣ,ΣΤΑΤΟΣ - ΑΓΙΟΣ ΦΩΤΙΟΣ,ΔΥΟ ΚΑΤΕΥΘΥΝΣΕΙΣ,n.a.,n.a.,n.a.,n.a.,n.a.,n.a.,n.a.
F0626,010,ΣΤΑΤΟΣ - ΑΜΠΕΛΙΤΗΣ,ΣΤΑΤΟΣ - ΑΜΠΕΛΙΤΗΣ,ΔΥΟ ΚΑΤΕΥΘΥΝΣΕΙΣ,n.a.,n.a.,n.a.,n.a.,n.a.,n.a.,n.a.
F0627,010,ΕΡΗΜΗ - ΕΠΙΣΚΟΠΗ,ΕΡΗΜΗ - ΕΠΙΣΚΟΠΗ,ΔΥΟ ΚΑΤΕΥΘΥΝΣΕΙΣ,n.a.,n.a.,n.a.,n.a.,n.a.,n.a.,n.a.
F0628,010,ΚΟΛΟΣΣΙ - ΦΑΣΟΥΡΙ,ΚΟΛΟΣΣΙ - Μ1,ΔΥΟ ΚΑΤΕΥΘΥΝΣΕΙΣ,3618,2995,2272,413,125,78,108
F0628,020,ΚΟΛΟΣΣΙ - ΦΑΣΟΥΡΙ,Μ1 - ΦΑΣΟΥΡΙ,ΔΥΟ ΚΑΤΕΥΘΥΝΣΕΙΣ,4637,3780,2234,1117,239,64,125
F0629,010,ΠΡΑΣΤΕΙΟ - ΤΡΑΧΥΠΕΔΟΥΛΑ,ΠΡΑΣΤΕΙΟ - ΤΡΑΧΥΠΕΔΟΥΛΑ,ΔΥΟ ΚΑΤΕΥΘΥΝΣΕΙΣ,146,109,66,25,7,7,5
F0633,010,ΖΑΚΑΚΙ - LADY'S MILE,ΖΑΚΑΚΙ - LADY'S MILE,ΔΥΟ ΚΑΤΕΥΘΥΝΣΕΙΣ,2810,2750,2204,516,11,5,14
F0642,010,ΑΜΠΕΛΙΤΗΣ - ΑΓΙΟΣ ΦΩΤΙΟΣ (ΠΑΡΑΚΑΜΠΤΗΡΙΟΣ),ΑΜΠΕΛΙΤΗΣ - ΑΓΙΟΣ ΦΩΤΙΟΣ (ΠΑΡΑΚΑΜΠΤΗΡΙΟΣ),ΔΥΟ ΚΑΤΕΥΘΥΝΣΕΙΣ,n.a.,n.a.,n.a.,n.a.,n.a.,n.a.,n.a.
F0701,010,Ε701 - Ε706 (ΧΛΩΡΑΚΑ),Ε701 - Ε706 (ΧΛΩΡΑΚΑ),ΔΥΟ ΚΑΤΕΥΘΥΝΣΕΙΣ,3528,3106,2027,869,103,74,34
F0704,010,ΚΑΘΗΚΑΣ - ΑΚΟΥΡΣΟΣ,ΚΑΘΗΚΑΣ - ΑΚΟΥΡΣΟΣ,ΔΥΟ ΚΑΤΕΥΘΥΝΣΕΙΣ,107,93,62,25,2,2,2
F0708,010,ΑΡΟΔΕΣ - ΔΡΟΥΣΙΑ,ΑΡΟΔΕΣ - ΔΡΟΥΣΙΑ,ΔΥΟ ΚΑΤΕΥΘΥΝΣΕΙΣ,n.a.,n.a.,n.a.,n.a.,n.a.,n.a.,n.a.
F0709,010,Ε709 - ΚΡΗΤΟΥ ΤΕΡΡΑ,Ε709 - ΚΡΗΤΟΥ ΤΕΡΡΑ,ΔΥΟ ΚΑΤΕΥΘΥΝΣΕΙΣ,n.a.,n.a.,n.a.,n.a.,n.a.,n.a.,n.a.
F0711,010,Β7 - ΜΕΣΟΓΗ,Β7 - ΜΕΣΟΓΗ,ΔΥΟ ΚΑΤΕΥΘΥΝΣΕΙΣ,n.a.,n.a.,n.a.,n.a.,n.a.,n.a.,n.a.
F0712,010,ΛΟΥΚΡΟΥΝΟΥ - ΑΓΙΟΣ ΔΗΜΗΤΡΙΑΝΟΣ,ΣΙΜΟΥ - ΑΓΙΟΣ ΔΗΜΗΤΡΙΑΝΟΣ,ΔΥΟ ΚΑΤΕΥΘΥΝΣΕΙΣ,n.a.,n.a.,n.a.,n.a.,n.a.,n.a.,n.a.
F0713,010,Ε710 - ΑΡΜΟΥ,Ε710 - ΑΡΜΟΥ,ΔΥΟ ΚΑΤΕΥΘΥΝΣΕΙΣ,n.a.,n.a.,n.a.,n.a.,n.a.,n.a.,n.a.
F0715,010,ΜΕΣΟΓΗ - ΜΕΣΑ ΧΩΡΙΟ,ΜΕΣΟΓΗ - ΜΕΣΑ ΧΩΡΙΟ,ΔΥΟ ΚΑΤΕΥΘΥΝΣΕΙΣ,n.a.,n.a.,n.a.,n.a.,n.a.,n.a.,n.a.
F0716,010,Β7 - ΚΟΙΛΗ,Β7 - ΚΟΙΛΗ,ΔΥΟ ΚΑΤΕΥΘΥΝΣΕΙΣ,n.a.,n.a.,n.a.,n.a.,n.a.,n.a.,n.a.
F0717,010,Ε702 - ΚΑΛΛΕΠΕΙΑ,Ε702 - ΚΑΛΛΕΠΕΙΑ,ΔΥΟ ΚΑΤΕΥΘΥΝΣΕΙΣ,n.a.,n.a.,n.a.,n.a.,n.a.,n.a.,n.a.
F0720,010,Ε702 - ΠΙΤΤΑΡΓΟΥ,Ε702 - ΠΙΤΤΑΡΓΟΥ,ΔΥΟ ΚΑΤΕΥΘΥΝΣΕΙΣ,n.a.,n.a.,n.a.,n.a.,n.a.,n.a.,n.a.
F0722,010,ΧΟΥΛΟΥ - ΑΜΑΡΓΕΤΗ,ΧΟΥΛΟΥ - ΛΕΜΟΝΑ,ΔΥΟ ΚΑΤΕΥΘΥΝΣΕΙΣ,n.a.,n.a.,n.a.,n.a.,n.a.,n.a.,n.a.
F0722,020,ΧΟΥΛΟΥ - ΑΜΑΡΓΕΤΗ,ΛΕΜΟΝΑ - ΑΜΑΡΓΕΤΗ,ΔΥΟ ΚΑΤΕΥΘΥΝΣΕΙΣ,n.a.,n.a.,n.a.,n.a.,n.a.,n.a.,n.a.
F0723,010,ΧΟΥΛΟΥ - ΣΤΑΤΟΣ,ΧΟΥΛΟΥ - ΣΤΑΤΟΣ,ΔΥΟ ΚΑΤΕΥΘΥΝΣΕΙΣ,749,539,348,87,75,25,5
F0725,010,Ε703 - ΦΟΙΤΗ,Ε703 - ΦΟΙΤΗ,ΔΥΟ ΚΑΤΕΥΘΥΝΣΕΙΣ,n.a.,n.a.,n.a.,n.a.,n.a.,n.a.,n.a.
F0726,010,ΠΑΝΑΓΙΑ - ΚΟΙΛΑΔΑ ΚΕΔΡΩΝ,ΠΑΝΑΓΙΑ - ΚΟΙΛΑΔΑ ΚΕΔΡΩΝ,ΔΥΟ ΚΑΤΕΥΘΥΝΣΕΙΣ,n.a.,n.a.,n.a.,n.a.,n.a.,n.a.,n.a.
F0728,010,Ε712 - ΔΡΥΜΗ - ΔΡΥΜΟΥ,Ε712 - ΔΡΥΜΗ,ΔΥΟ ΚΑΤΕΥΘΥΝΣΕΙΣ,290,203,134,25,25,7,11
F0729,010,Ε712 - ΔΡΥΝΙΑ,Ε712 - ΔΡΥΝΙΑ,ΔΥΟ ΚΑΤΕΥΘΥΝΣΕΙΣ,n.a.,n.a.,n.a.,n.a.,n.a.,n.a.,n.a.
F0730,010,Β7 - ΑΓΙΟΙ ΑΝΑΡΓΥΡΟΙ,Β7 - ΑΓΙΟΙ ΑΝΑΡΓΥΡΟΙ,ΔΥΟ ΚΑΤΕΥΘΥΝΣΕΙΣ,n.a.,n.a.,n.a.,n.a.,n.a.,n.a.,n.a.
F0731,010,Β7 - ΧΟΛΗ,Β7 - ΧΟΛΗ,ΔΥΟ ΚΑΤΕΥΘΥΝΣΕΙΣ,n.a.,n.a.,n.a.,n.a.,n.a.,n.a.,n.a.
F0732,010,Β7 - ΓΟΥΔΙ,Β7 - ΓΟΥΔΙ,ΔΥΟ ΚΑΤΕΥΘΥΝΣΕΙΣ,n.a.,n.a.,n.a.,n.a.,n.a.,n.a.,n.a.
F0734,010,Β7 - ΠΑΝΩ ΑΚΟΥΡΔΑΛΙΑ,Β7 - ΠΑΝΩ ΑΚΟΥΡΔΑΛΙΑ,ΔΥΟ ΚΑΤΕΥΘΥΝΣΕΙΣ,n.a.,n.a.,n.a.,n.a.,n.a.,n.a.,n.a.
F0735,010,ΛΑΤΣΙ - ΑΚΑΜΑΣ,ΛΑΤΣΙ - ΝΕΟ ΧΩΡΙΟ,ΔΥΟ ΚΑΤΕΥΘΥΝΣΕΙΣ,737,605,384,155,25,18,23
F0735,020,ΛΑΤΣΙ - ΑΚΑΜΑΣ,ΝΕΟ ΧΩΡΙΟ - ΑΚΑΜΑΣ,ΔΥΟ ΚΑΤΕΥΘΥΝΣΕΙΣ,487,409,352,18,14,23,2
F0736,010,ΠΟΛΙΣ - ΠΕΛΑΘΟΥΣΑ,ΠΟΛΙΣ - ΠΕΛΑΘΟΥΣΑ,ΔΥΟ ΚΑΤΕΥΘΥΝΣΕΙΣ,178,114,59,23,25,2,5
F0737,010,Ε704 - ΚΙΝΟΥΣΑ,Ε704 - ΜΑΚΟΥΝΤΑ,ΔΥΟ ΚΑΤΕΥΘΥΝΣΕΙΣ,185,134,80,30,18,2,5
F0737,020,Ε704 - ΚΙΝΟΥΣΑ,ΜΑΚΟΥΝΤΑ - ΚΙΝΟΥΣΑ,ΔΥΟ ΚΑΤΕΥΘΥΝΣΕΙΣ,171,139,91,32,9,2,5
F0738,010,Ε704 - ΑΡΓΑΚΑ,Ε704 - ΑΡΓΑΚΑ,ΔΥΟ ΚΑΤΕΥΘΥΝΣΕΙΣ,n.a.,n.a.,n.a.,n.a.,n.a.,n.a.,n.a.
F0739,010,Ε704 - ΓΙΑΛΙΑ,Ε704 - ΓΙΑΛΙΑ,ΔΥΟ ΚΑΤΕΥΘΥΝΣΕΙΣ,n.a.,n.a.,n.a.,n.a.,n.a.,n.a.,n.a.
F0740,010,ΠΑΧΥΑΜΜΟΣ - ΚΑΤΩ ΠΥΡΓΟΣ,ΠΑΧΥΑΜΜΟΣ - ΚΑΤΩ ΠΥΡΓΟΣ,ΔΥΟ ΚΑΤΕΥΘΥΝΣΕΙΣ,n.a.,n.a.,n.a.,n.a.,n.a.,n.a.,n.a.
F0742,010,ΚΑΤΩ ΠΥΡΓΟΣ - ΠΗΓΑΙΝΙΑ,ΚΑΤΩ ΠΥΡΓΟΣ - ΠΗΓΑΙΝΙΑ,ΔΥΟ ΚΑΤΕΥΘΥΝΣΕΙΣ,n.a.,n.a.,n.a.,n.a.,n.a.,n.a.,n.a.
F0743,010,ΚΑΤΩ ΠΥΡΓΟΣ - ΠΑΝΩ ΠΥΡΓΟΣ,ΚΑΤΩ ΠΥΡΓΟΣ - ΠΑΝΩ ΠΥΡΓΟΣ,ΔΥΟ ΚΑΤΕΥΘΥΝΣΕΙΣ,n.a.,n.a.,n.a.,n.a.,n.a.,n.a.,n.a.
F0746,010,ΜΕΛΑΔΕΙΑ - ΦΙΛΟΥΣΑ,ΜΕΛΑΔΕΙΑ - ΦΙΛΟΥΣΑ,ΔΥΟ ΚΑΤΕΥΘΥΝΣΕΙΣ,n.a.,n.a.,n.a.,n.a.,n.a.,n.a.,n.a.
F0753,010,ΦΙΛΟΥΣΑ - ΤΡΙΜΙΘΟΥΣΑ,ΦΙΛΟΥΣΑ - ΤΡΙΜΙΘΟΥΣΑ,ΔΥΟ ΚΑΤΕΥΘΥΝΣΕΙΣ,n.a.,n.a.,n.a.,n.a.,n.a.,n.a.,n.a.
F0801,010,ΚΑΤΩ ΑΜΙΑΝΤΟΣ - ΠΕΛΕΝΔΡΙ,ΚΑΤΩ ΑΜΙΑΝΤΟΣ - ΠΕΛΕΝΔΡΙ,ΔΥΟ ΚΑΤΕΥΘΥΝΣΕΙΣ,636,476,300,97,62,14,5
F0804,010,ΚΑΤΩ ΠΛΑΤΡΕΣ - ΛΕΜΥΘΟΥ,ΚΑΤΩ ΠΛΑΤΡΕΣ - ΛΕΜΥΘΟΥ,ΔΥΟ ΚΑΤΕΥΘΥΝΣΕΙΣ,1168,945,718,115,68,18,25
F0805,010,F804 - ΑΓΙΟΣ ΔΗΜΗΤΡΙΟΣ,F804 - ΑΓΙΟΣ ΔΗΜΗΤΡΙΟΣ,ΔΥΟ ΚΑΤΕΥΘΥΝΣΕΙΣ,n.a.,n.a.,n.a.,n.a.,n.a.,n.a.,n.a.
F0810,010,ΛΕΜΥΘΟΥ - ΑΓΙΟΣ ΝΙΚΟΛΑΟΣ,ΛΕΜΥΘΟΥ - ΚΑΜΙΝΑΡΙΑ,ΔΥΟ ΚΑΤΕΥΘΥΝΣΕΙΣ,103,71,46,9,11,2,2
F0810,020,ΛΕΜΥΘΟΥ - ΑΓΙΟΣ ΝΙΚΟΛΑΟΣ,ΚΑΜΙΝΑΡΙΑ - ΑΓΙΟΣ ΝΙΚΟΛΑΟΣ,ΔΥΟ ΚΑΤΕΥΘΥΝΣΕΙΣ,n.a.,n.a.,n.a.,n.a.,n.a.,n.a.,n.a.
F0811,010,ΛΕΜΥΘΟΥ - ΤΡΕΙΣ ΕΛΙΕΣ,ΛΕΜΥΘΟΥ - ΤΡΕΙΣ ΕΛΙΕΣ,ΔΥΟ ΚΑΤΕΥΘΥΝΣΕΙΣ,n.a.,n.a.,n.a.,n.a.,n.a.,n.a.,n.a.
F0812,010,ΤΡΙΜΙΚΛΙΝΗ - Β8,ΤΡΙΜΙΚΛΙΝΗ - ΑΓΙΟΣ ΜΑΜΑΣ,ΔΥΟ ΚΑΤΕΥΘΥΝΣΕΙΣ,1191,548,147,80,153,166,2
F0812,020,ΤΡΙΜΙΚΛΙΝΗ - Β8,ΑΓΙΟΣ ΜΑΜΑΣ - ΚΑΠΗΛΕΙΟ,ΔΥΟ ΚΑΤΕΥΘΥΝΣΕΙΣ,962,399,78,40,115,164,2
F0812,030,ΤΡΙΜΙΚΛΙΝΗ - Β8,ΚΑΠΗΛΕΙΟ - ΚΟΡΦΗ,ΔΥΟ ΚΑΤΕΥΘΥΝΣΕΙΣ,437,277,127,71,31,35,14
F0812,040,ΤΡΙΜΙΚΛΙΝΗ - Β8,ΚΟΡΦΗ - Β8,ΔΥΟ ΚΑΤΕΥΘΥΝΣΕΙΣ,442,294,141,79,31,17,26
F0813,010,Β8 - ΛΑΝΕΙΑ,Β8 - ΛΑΝΕΙΑ,ΔΥΟ ΚΑΤΕΥΘΥΝΣΕΙΣ,937,657,336,180,65,41,34
F0814,010,Β8 - ΜΟΝΑΓΡΙ,Β8 - ΜΟΝΑΓΡΙ,ΔΥΟ ΚΑΤΕΥΘΥΝΣΕΙΣ,n.a.,n.a.,n.a.,n.a.,n.a.,n.a.,n.a.
F0815,010,ΜΟΝΑΓΡΙ - ΚΟΥΚΑ,ΜΟΝΑΓΡΙ - ΚΟΥΚΑ,ΔΥΟ ΚΑΤΕΥΘΥΝΣΕΙΣ,n.a.,n.a.,n.a.,n.a.,n.a.,n.a.,n.a.
F0817,010,ΑΛΑΣΣΑ - ΛΟΦΟΥ,ΑΛΑΣΣΑ - ΛΟΦΟΥ,ΔΥΟ ΚΑΤΕΥΘΥΝΣΕΙΣ,n.a.,n.a.,n.a.,n.a.,n.a.,n.a.,n.a.
F0818,010,Β8 - ΠΑΛΩΔΙΑ,Β8 - ΠΑΛΩΔΙΑ,ΔΥΟ ΚΑΤΕΥΘΥΝΣΕΙΣ,n.a.,n.a.,n.a.,n.a.,n.a.,n.a.,n.a.
F0819,010,Β8 - ΚΑΤΩ ΠΟΛΕΜΙΔΙΑ,Β8 - ΚΑΤΩ ΠΟΛΕΜΙΔΙΑ,ΔΥΟ ΚΑΤΕΥΘΥΝΣΕΙΣ,n.a.,n.a.,n.a.,n.a.,n.a.,n.a.,n.a.
F0901,010,F903 - ΑΝΑΛΙΩΝΤΑΣ,F903 - ΑΝΑΛΙΩΝΤΑΣ,ΔΥΟ ΚΑΤΕΥΘΥΝΣΕΙΣ,1634,1270,709,378,109,64,9
F0902,010,ΚΑΜΠΙΑ - ΜΑΘΙΑΤΗΣ,ΚΑΜΠΙΑ - ΑΝΑΛΙΩΝΤΑΣ,ΔΥΟ ΚΑΤΕΥΘΥΝΣΕΙΣ,1641,1286,720,388,106,63,9
F0902,020,ΚΑΜΠΙΑ - ΜΑΘΙΑΤΗΣ,ΑΝΑΛΙΩΝΤΑΣ - ΜΑΘΙΑΤΗΣ,ΔΥΟ ΚΑΤΕΥΘΥΝΣΕΙΣ,1161,899,500,268,79,46,7
F0903,010,ΤΣΕΡΙ - ΔΕΥΤΕΡΑ,ΤΣΕΡΙ - ΔΕΥΤΕΡΑ,ΔΥΟ ΚΑΤΕΥΘΥΝΣΕΙΣ,5254,3723,2492,465,460,258,48
F0904,010,ΔΕΥΤΕΡΑ - ΑΝΑΓΥΙΑ,ΔΕΥΤΕΡΑ - ΑΝΑΓΥΙΑ,ΔΥΟ ΚΑΤΕΥΘΥΝΣΕΙΣ,4388,3171,1559,1003,290,219,100
F0905,010,ΑΝΑΓΥΙΑ - ΨΗΜΟΛΟΦΟΥ,ΑΝΑΓΥΙΑ - ΨΗΜΟΛΟΦΟΥ,ΔΥΟ ΚΑΤΕΥΘΥΝΣΕΙΣ,3286,2575,1763,456,160,144,52
F0907,010,ΑΡΕΔΙΟΥ - ΕΠΙΣΚΟΠΙΟ,ΑΡΕΔΙΟΥ - ΕΠΙΣΚΟΠΙΟ,ΔΥΟ ΚΑΤΕΥΘΥΝΣΕΙΣ,2849,2022,1362,246,294,97,23
F908,010,F903 - ΑΓΙΟΣ ΙΩΑΝΝΗΣ,,,2527,1766,1159,226,144,221,16
F0909,010,E903 - ΑΓΙΟΣ ΠΑΝΤΕΛΕΗΜΟΝΑΣ,E903 - ΑΓΙΟΣ ΠΑΝΤΕΛΕΗΜΟΝΑΣ,ΔΥΟ ΚΑΤΕΥΘΥΝΣΕΙΣ,n.a.,n.a.,n.a.,n.a.,n.a.,n.a.,n.a.
F0911,010,Ε903 - ΑΓΙΟΣ ΕΠΙΦΑΝΕΙΟΣ,Ε903 - ΑΓΙΟΣ ΕΠΙΦΑΝΕΙΟΣ,ΔΥΟ ΚΑΤΕΥΘΥΝΣΕΙΣ,686,531,294,160,55,16,7
F0912,010,ΦΑΡΜΑΚΑΣ - ΚΑΜΠΙ,ΦΑΡΜΑΚΑΣ - ΚΑΜΠΙ,ΔΥΟ ΚΑΤΕΥΘΥΝΣΕΙΣ,547,419,305,50,27,34,2
F0913,010,ΠΑΛΑΙΧΩΡΙ - ΣΥΚΟΠΕΤΡΑ,ΠΑΛΑΙΧΩΡΙ - ΣΥΚΟΠΕΤΡΑ,ΔΥΟ ΚΑΤΕΥΘΥΝΣΕΙΣ,239,148,82,21,9,36,0
F0914,010,ΠΑΛΑΙΧΩΡΙ - ΑΓΙΟΣ ΘΕΟΔΩΡΟΣ,ΠΑΛΑΙΧΩΡΙ - ΑΓΙΟΣ ΘΕΟΔΩΡΟΣ,ΔΥΟ ΚΑΤΕΥΘΥΝΣΕΙΣ,525,389,162,158,39,14,16
F0916,010,Β9 - ΜΕΝΟΙΚΟ,Β9 - ΠΑΛΙΟΜΕΤΟΧΟ,ΔΥΟ ΚΑΤΕΥΘΥΝΣΕΙΣ,4664,3702,2416,805,348,99,34
F0916,020,Β9 - ΜΕΝΟΙΚΟ,ΠΑΛΙΟΜΕΤΟΧΟ - ΜΕΝΟΙΚΟ,ΔΥΟ ΚΑΤΕΥΘΥΝΣΕΙΣ,1231,1012,720,182,80,21,9
F0917,010,ΠΑΛΙΟΜΕΤΟΧΟ - ΚΟΚΚΙΝΟΤΡΙΜΙΘΙΑ,ΠΑΛΙΟΜΕΤΟΧΟ - ΚΟΚΚΙΝΟΤΡΙΜΙΘΙΑ,ΔΥΟ ΚΑΤΕΥΘΥΝΣΕΙΣ,3271,2407,1479,496,294,108,30
F0918,010,ΚΟΚΚΙΝΟΤΡΙΜΙΘΙΑ - ΜΑΜΜΑΡΙ,ΚΟΚΚΙΝΟΤΡΙΜΙΘΙΑ - ΜΑΜΜΑΡΙ,ΔΥΟ ΚΑΤΕΥΘΥΝΣΕΙΣ,n.a.,n.a.,n.a.,n.a.,n.a.,n.a.,n.a.
F0919,010,ΚΟΚΚΙΝΟΤΡΙΜΙΘΙΑ - ΔΕΝΕΙΑ,ΚΟΚΚΙΝΟΤΡΙΜΙΘΙΑ - ΔΕΝΕΙΑ,ΔΥΟ ΚΑΤΕΥΘΥΝΣΕΙΣ,n.a.,n.a.,n.a.,n.a.,n.a.,n.a.,n.a.
F0920,010,ΑΚΑΚΙ - ΜΕΝΟΙΚΟ,ΑΚΑΚΙ - ΜΕΝΟΙΚΟ,ΔΥΟ ΚΑΤΕΥΘΥΝΣΕΙΣ,2280,1710,1269,156,217,32,36
F0921,010,ΑΚΑΚΙ - ΑΥΛΩΝΑ,ΑΚΑΚΙ - ΑΥΛΩΝΑ,ΔΥΟ ΚΑΤΕΥΘΥΝΣΕΙΣ,n.a.,n.a.,n.a.,n.a.,n.a.,n.a.,n.a.
F0922,010,ΚΑΤΩ ΜΟΝΗ - ΑΓΙΟΙ ΗΛΙΟΦΩΤΟΙ,ΚΑΤΩ ΜΟΝΗ - ΑΓΙΟΙ ΗΛΙΟΦΩΤΟΙ,ΔΥΟ ΚΑΤΕΥΘΥΝΣΕΙΣ,n.a.,n.a.,n.a.,n.a.,n.a.,n.a.,n.a.
F0923,010,Ε906 - ΚΑΤΩ ΜΟΝΗ,Ε906 - ΚΑΤΩ ΜΟΝΗ,ΔΥΟ ΚΑΤΕΥΘΥΝΣΕΙΣ,408,335,251,48,18,14,5
F0930,010,ΒΥΖΑΚΙΑ - ΝΙΚΗΤΑΡΙ,ΒΥΖΑΚΙΑ - ΝΙΚΗΤΑΡΙ,ΔΥΟ ΚΑΤΕΥΘΥΝΣΕΙΣ,1391,998,712,90,139,18,39
F0931,010,ΚΟΥΤΡΑΦΑΣ - ΝΙΚΗΤΑΡΙ,ΚΟΥΤΡΑΦΑΣ - ΝΙΚΗΤΑΡΙ,ΔΥΟ ΚΑΤΕΥΘΥΝΣΕΙΣ,867,633,470,46,101,7,9
F0933,010,ΑΝΑΓΥΙΑ - ΠΟΛΙΤΙΚΟ,ΑΝΑΓΥΙΑ - ΕΡΓΑΤΕΣ,ΔΥΟ ΚΑΤΕΥΘΥΝΣΕΙΣ,5236,4208,2771,923,336,144,34
F0933,020,ΑΝΑΓΥΙΑ - ΠΟΛΙΤΙΚΟ,ΕΡΓΑΤΕΣ - ΠΟΛΙΤΙΚΟ,ΔΥΟ ΚΑΤΕΥΘΥΝΣΕΙΣ,2641,2048,1433,319,84,180,32
F0934,010,ΛΙΝΟΥ - ΣΚΟΥΡΙΩΤΙΣΣΑ,ΛΙΝΟΥ - ΣΚΟΥΡΙΩΤΙΣΣΑ,ΔΥΟ ΚΑΤΕΥΘΥΝΣΕΙΣ,1149,866,516,209,48,66,27
F0937,010,Ε935 - ΚΑΤΩ ΦΛΑΣΟΥ,Ε935 - ΚΑΤΩ ΦΛΑΣΟΥ,ΔΥΟ ΚΑΤΕΥΘΥΝΣΕΙΣ,303,276,217,46,9,2,2
F0938,010,ΕΥΡΥΧΟΥ - ΚΟΡΑΚΟΥ,ΕΥΡΥΧΟΥ - ΚΟΡΑΚΟΥ,ΔΥΟ ΚΑΤΕΥΘΥΝΣΕΙΣ,740,623,474,91,40,5,14
F0941,010,ΤΕΜΠΡΙΑ - ΚΑΛΛΙΑΝΑ,ΤΕΜΠΡΙΑ - ΚΑΛΛΙΑΝΑ,ΔΥΟ ΚΑΤΕΥΘΥΝΣΕΙΣ,n.a.,n.a.,n.a.,n.a.,n.a.,n.a.,n.a.
F0947,010,Ε909 - ΑΓΡΙΔΙΑ,Ε909 - ΑΓΡΙΔΙΑ,ΔΥΟ ΚΑΤΕΥΘΥΝΣΕΙΣ,87,73,48,18,2,2,2
F0949,010,ΚΥΠΕΡΟΥΝΤΑ - ΚΑΤΩ ΜΥΛΟΣ,ΚΥΠΕΡΟΥΝΤΑ - ΔΥΜΕΣ,ΔΥΟ ΚΑΤΕΥΘΥΝΣΕΙΣ,743,574,366,124,62,18,5
F0949,020,ΚΥΠΕΡΟΥΝΤΑ - ΚΑΤΩ ΜΥΛΟΣ,ΔΥΜΕΣ - ΚΑΤΩ ΜΥΛΟΣ,ΔΥΟ ΚΑΤΕΥΘΥΝΣΕΙΣ,737,610,405,141,46,14,5
F0957,010,ΚΥΚΚΟΣ - ΜΥΛΙΚΟΥΡΙ,ΚΥΚΚΟΣ - ΜΥΛΙΚΟΥΡΙ,ΔΥΟ ΚΑΤΕΥΘΥΝΣΕΙΣ,96,82,62,14,2,2,2
F0964,010,Β9 - ΑΚΑΚΙ,Β9 - ΑΚΑΚΙ,ΔΥΟ ΚΑΤΕΥΘΥΝΣΕΙΣ,n.a.,n.a.,n.a.,n.a.,n.a.,n.a.,n.a.
F0965,010,Β9 - ΑΣΤΡΟΜΕΡΙΤΗΣ,Β9 - ΑΣΤΡΟΜΕΡΙΤΗΣ,ΔΥΟ ΚΑΤΕΥΘΥΝΣΕΙΣ,1893,1369,831,276,194,46,23
F0966,010,ΚΥΚΚΟΣ - ΘΡΟΝΙ,ΚΥΚΚΟΣ - ΘΡΟΝΙ,ΔΥΟ ΚΑΤΕΥΘΥΝΣΕΙΣ,n.a.,n.a.,n.a.,n.a.,n.a.,n.a.,n.a.
F0967,010,Β9 - ΕΥΡΥΧΟΥ,Β9 - ΕΥΡΥΧΟΥ,ΔΥΟ ΚΑΤΕΥΘΥΝΣΕΙΣ,1870,1585,1190,253,95,14,34
F0968,010,Β9 - ΠΕΡΙΣΤΕΡΩΝΑ,Β9 - ΠΕΡΙΣΤΕΡΩΝΑ,ΔΥΟ ΚΑΤΕΥΘΥΝΣΕΙΣ,n.a.,n.a.,n.a.,n.a.,n.a.,n.a.,n.a.
F0969,010,ΛΑΓΟΥΔΕΡΑ - ΠΑΝΑΓΙΑ ΤΟΥ ΑΡΑΚΑ,ΛΑΓΟΥΔΕΡΑ - ΠΑΝΑΓΙΑ ΤΟΥ ΑΡΑΚΑ,ΔΥΟ ΚΑΤΕΥΘΥΝΣΕΙΣ,n.a.,n.a.,n.a.,n.a.,n.a.,n.a.,n.a.
F0976,010,Β9 - ΓΑΛΑΤΑ,Β9 - ΓΑΛΑΤΑ,ΔΥΟ ΚΑΤΕΥΘΥΝΣΕΙΣ,2647,2031,1470,253,217,46,46
F0979,010,Β9 - ΚΟΥΤΡΑΦΑΣ,Β9 - ΚΟΥΤΡΑΦΑΣ,ΔΥΟ ΚΑΤΕΥΘΥΝΣΕΙΣ,n.a.,n.a.,n.a.,n.a.,n.a.,n.a.,n.a.
F0985,010,ΚΑΛΟΠΑΝΑΓΙΩΤΗΣ - ΟΙΚΟΣ,ΚΑΛΟΠΑΝΑΓΙΩΤΗΣ - ΟΙΚΟΣ,ΔΥΟ ΚΑΤΕΥΘΥΝΣΕΙΣ,545,445,312,82,27,5,18
F1030,010,ΛΥΘΡΟΔΟΝΤΑΣ - ΜΑΧΑΙΡΑΣ,ΛΥΘΡΟΔΟΝΤΑΣ - ΜΑΧΑΙΡΑΣ,ΔΥΟ ΚΑΤΕΥΘΥΝΣΕΙΣ,547,515,328,171,7,5,5
F1350,010,ΒΙΟΜΗΧΑΝΙΚΗ ΔΑΛΙΟΥ - ΑΓΙΟΣ ΣΩΖΟΜΕΝΟΣ,ΒΙΟΜΗΧΑΝΙΚΗ ΔΑΛΙΟΥ - ΑΓΙΟΣ ΣΩΖΟΜΕΝΟΣ,ΔΥΟ ΚΑΤΕΥΘΥΝΣΕΙΣ,n.a.,n.a.,n.a.,n.a.,n.a.,n.a.,n.a.
F1351,010,ΒΙΟΜΗΧΑΝΙΚΗ ΔΑΛΙΟΥ - ΔΑΛΙ,ΒΙΟΜΗΧΑΝΙΚΗ ΔΑΛΙΟΥ - ΔΑΛΙ,ΔΥΟ ΚΑΤΕΥΘΥΝΣΕΙΣ,8979,6280,3712,1218,716,622,11
F2000,010,ΛΥΜΠΙΑ - ΨΕΥΔΑΣ,ΛΥΜΠΙΑ - ΨΕΥΔΑΣ,ΔΥΟ ΚΑΤΕΥΘΥΝΣΕΙΣ,201,128,64,27,32,5,n.a.
F3010,010,ΤΡΟΥΛΛΟΙ - ΟΡΟΚΛΙΝΗ,ΤΡΟΥΛΛΟΙ - ΟΡΟΚΛΙΝΗ,ΔΥΟ ΚΑΤΕΥΘΥΝΣΕΙΣ,96,78,48,21,7,2,n.a.
F6010,010,ΟΜΟΔΟΣ - ΑΓΙΟΣ ΝΙΚΟΛΑΟΣ,ΟΜΟΔΟΣ - ΑΓΙΟΣ ΝΙΚΟΛΑΟΣ,ΔΥΟ ΚΑΤΕΥΘΥΝΣΕΙΣ,334,229,131,46,46,5,2
F6060,010,Β6 - ΠΑΡΑΜΑΛΙ,Β6 - ΠΑΡΑΜΑΛΙ,ΔΥΟ ΚΑΤΕΥΘΥΝΣΕΙΣ,1322,987,434,385,97,59,11
F7120,010,Ε712 - ΕΥΡΕΤΟΥ,Ε712 - ΕΥΡΕΤΟΥ,ΔΥΟ ΚΑΤΕΥΘΥΝΣΕΙΣ,1196,847,503,170,120,50,5
F9020,010,ΚΑΠΕΔΕΣ - ΓΟΥΡΡΙ,ΚΑΠΕΔΕΣ - ΜΑΧΑΙΡΑΣ,ΔΥΟ ΚΑΤΕΥΘΥΝΣΕΙΣ,1217,910,668,88,88,32,34
F9020,020,ΚΑΠΕΔΕΣ - ΓΟΥΡΡΙ,ΜΑΧΑΙΡΑΣ - ΓΟΥΡΡΙ,ΔΥΟ ΚΑΤΕΥΘΥΝΣΕΙΣ,270,188,64,83,36,2,2
F9040,010,ΦΑΡΜΑΚΑΣ - ΑΠΛΙΚΙ,ΦΑΡΜΑΚΑΣ - ΑΠΛΙΚΙ,ΔΥΟ ΚΑΤΕΥΘΥΝΣΕΙΣ,569,446,287,97,46,14,2
F9290,010,ΜΕΝΟΙΚΟ - ΚΑΤΩ ΜΟΝΗ (ΧΩΜΑΤΟΔΡΟΜΟΣ),ΜΕΝΟΙΚΟ - ΚΑΤΩ ΜΟΝΗ (ΧΩΜΑΤΟΔΡΟΜΟΣ),ΔΥΟ ΚΑΤΕΥΘΥΝΣΕΙΣ,271,198,119,43,21,16,n.a.
F9320,010,ΠΟΤΑΜΙ - ΠΕΡΙΣΤΕΡΩΝΑ,ΠΟΤΑΜΙ - ΠΕΡΙΣΤΕΡΩΝΑ,ΔΥΟ ΚΑΤΕΥΘΥΝΣΕΙΣ,178,155,105,39,9,2,n.a.
F9321,010,ΠΟΤΑΜΙ - ΑΣΤΡΟΜΕΡΙΤΗΣ,ΠΟΤΑΜΙ - ΑΣΤΡΟΜΕΡΙΤΗΣ,ΔΥΟ ΚΑΤΕΥΘΥΝΣΕΙΣ,392,351,211,120,16,5,n.a.
F9330,010,Ε933 - ΑΓΙΑ ΜΑΡΙΝΑ,Ε933 - ΑΓΙΑ ΜΑΡΙΝΑ,ΔΥΟ ΚΑΤΕΥΘΥΝΣΕΙΣ,492,317,170,59,52,17,18
Μ0001,010,Μ1 (ΒΑΣΕΙΣ),Μ1 (ΒΑΣΕΙΣ),ΔΥΟ ΚΑΤΕΥΘΥΝΣΕΙΣ,9948,7862,5217,1603,479,348,217
,,ΧΟΙΡΟΚΟΙΤΙΑ - ΦΑΡΜΑΚΑΣ,ΟΔΟΥ - ΦΑΡΜΑΚΑΣ,ΔΥΟ ΚΑΤΕΥΘΥΝΣΕΙΣ,141,119,103,5,5,2,5
,,ΠΩΜΟΣ - ΧΡΥΣΟΠΑΤΕΡΙΤΙΣΣΑ,ΠΩΜΟΣ - ΧΡΥΣΟΠΑΤΕΡΙΤΙΣΣΑ,ΔΥΟ ΚΑΤΕΥΘΥΝΣΕΙΣ,362,239,114,64,25,34,2
